date,n_daytime,dk6_mean,seed42_mean,station_mean,idw_mean,nsrdb_mean,mean_dk6_minus_idw,mean_dk6_minus_station,mean_ensemble_minus_seed42,mean_fraction_below,mean_fraction_above,mean_station_csi,station_median_ramp_p95,representative_reason
2024-01-01,99,51.12739504753339,48.36479380711763,58.672727165178074,52.055878,58.0729248125845,-0.9284798901791524,-7.54533211764469,2.7626012404157656,0.4830325729202134,0.2828850300760413,0.24098048750499282,44.13000628602597,
2024-01-02,100,43.079042224884034,40.55252581126988,33.29800024220248,27.578741,61.284919875567574,15.500301176905632,9.78104198268156,2.526516413614154,0.022471910112359553,0.6050561797752809,0.1540802090987563,9.540000069036475,
2024-01-03,100,43.373987241536376,40.35306585162878,44.52699982692152,41.712807,39.81587909064689,1.6611800815165043,-1.1530125853851383,3.0209213899075986,0.31264044943820224,0.281123595505618,0.20172859936952592,17.71000262633397,
2024-01-04,100,64.18099808879197,57.72869067892432,65.24599973668128,73.5029,117.6556420661711,-9.3218990188092,-1.0650016478893163,6.452307409867644,0.35983146067415733,0.2898876404494382,0.2949012018740177,33.57000412144636,
2024-01-05,100,66.0215537108481,58.16139857985079,70.03599994450856,77.10589,147.168770888891,-11.084336582273245,-4.014446233660472,7.8601551309973,0.43662921348314604,0.34050561797752804,0.3100082261860371,27.89000857724495,
2024-01-06,100,67.36020808108151,59.04500557050109,71.337000047688,72.43165,142.22736340147105,-5.071443595215678,-3.9767919666064815,8.31520251058042,0.47550561797752805,0.31073033707865166,0.3013495418429375,22.100000446088863,
2024-01-07,101,117.05604726695779,109.11648194034501,99.7257418861667,110.28533,229.66215604494576,6.770720021264387,17.330305380791074,7.939565326612775,0.0741461786628101,0.6354433196128602,0.3936677814120113,30.705006116813866,
2024-01-08,101,48.01599362640098,45.79291572421789,41.78712837015784,44.450607,76.87281534668595,3.565389347087481,6.2288652562431395,2.223077902183084,0.22455223050394926,0.40199132272777843,0.18559590039203072,8.719996261997391,
2024-01-09,102,54.702720846907766,47.73136528610599,62.41960801934623,73.80498,122.6772933520986,-19.102259365659133,-7.716887172438466,6.971355560801777,0.5667547918043622,0.150749063670412,0.28170618122699215,8.700001305466685,
2024-01-10,102,107.22276981583997,97.88533470794266,99.08431314021092,107.97585,211.99749427208675,-0.7530830008726493,8.138456675629058,9.33743510789731,0.2038995373430271,0.42465300727032385,0.3770819022959354,42.899997749675094,
2024-01-11,103,96.03195109095388,87.37339463743191,90.48397570155709,89.18817,185.40667226201532,6.843781218077373,5.547975389396788,8.65855645352197,0.11285044180211629,0.3798407330642522,0.36663671315295027,78.88499544519188,
2024-01-12,103,55.78874239860808,46.78189616064424,74.33883529738236,73.59596,86.6058832116817,-17.807217212701307,-18.550092898774285,9.006846237963844,0.7084106032507909,0.23999127304461657,0.27861445867320866,39.32499222443892,
2024-01-13,103,51.9074457908429,44.97671610001221,73.74563160609489,67.67231,122.14006706694606,-15.764863773891069,-21.838185815251983,6.930729690830685,0.6799389113123159,0.21730118904767098,0.27589972346153074,6.494998924065179,
2024-01-14,103,120.12332263256161,109.17298720400889,107.70970914364254,118.07711,243.92182880596,2.046207226451161,12.413613488919063,10.95033542855272,0.23530053452601724,0.5513799498200065,0.3922270526295727,42.45001645928632,
2024-01-15,104,103.54046180156561,89.32584455795586,104.34143824652827,108.120674,221.39285354681462,-4.580209305653205,-0.8009764449626687,14.21461724360975,0.2625324114088159,0.3884507346585998,0.38890565501955837,38.844547911949654,
2024-01-16,104,85.76886869178942,74.89595596248714,88.37884589069861,113.669846,183.5961781448256,-27.900976907605163,-2.6099771989092013,10.872912729302278,0.35782195332757133,0.2536732929991357,0.3557748912045589,58.1999851769156,
2024-01-17,104,53.56623579447086,51.24802776397421,55.4971153725993,55.783264,86.58355678204333,-2.2170298099517822,-1.9308795781284473,2.318208030496652,0.3488007778738116,0.30682800345721695,0.23125445864234978,16.37999523341913,
2024-01-18,105,43.39269764650436,40.74996562564657,81.51428578498319,76.47354,70.60029569310429,-33.080847532408576,-38.121588138478835,2.6427320208577885,0.9018191546281434,0.07479935794542536,0.330258418406759,7.640002040540683,
2024-01-19,106,48.26630434330623,47.09824196600689,93.16037735919772,101.68947,63.723222202817325,-53.42316591184375,-44.89407301589149,1.1680623772993404,0.8678715285138859,0.13138647445410218,0.3849494901468169,25.960000545573322,
2024-01-20,106,49.47978143211243,46.638762339598166,123.82547082725716,115.75013,54.01012326718708,-66.27034784024055,-74.34568939514473,2.8410190925142675,0.9306762772948909,0.06667373330506678,0.49064402422815,44.83999124313413,largest_low_bias
2024-01-21,106,53.24806932542684,50.0651550609267,105.41226486371693,111.22239,71.45592428968308,-57.97432147022688,-52.164195538290095,3.182914264500141,0.8198007207971169,0.14680941276234896,0.4120617642436387,31.520014374618746,
2024-01-22,107,56.73115178852159,52.99357368288753,96.28598126171418,100.47941,96.7568087595826,-43.74825629292526,-39.5548294731926,3.737578105634061,0.7503412790087157,0.18276803528299906,0.3556528719507645,28.675002545887878,
2024-01-23,107,89.1921068456407,82.30615249498982,94.12336395759623,106.95377,166.6065623160455,-17.76166487032565,-4.93125711195553,6.885954350650867,0.5036753124015542,0.23579754279113727,0.3548193271054286,43.949985184362845,
2024-01-24,108,51.085238982819845,48.20913380191282,59.668518728073366,66.946785,65.58026367459031,-15.86154679471144,-8.583279745253513,2.876105180907029,0.3811901789429879,0.26555347482313774,0.21547384320378857,21.23000145087515,
2024-01-25,109,62.105624368978205,57.60926324662265,56.39908258080371,54.244446,61.66591930024394,7.861177384853363,5.706541788174492,4.496361122355548,0.2449747448716627,0.3808885681888465,0.21365296922692464,14.38999650907153,
2024-01-26,109,65.86804010247418,58.67712877164467,85.67889888572788,87.37671,128.90069383125052,-21.508674506063855,-19.81085878325369,7.19091133082952,0.6705494278940315,0.21451396763220287,0.3003374660097131,29.010003405151508,
2024-01-27,109,55.02435054930798,51.77143768856832,53.37339413835256,63.95986,100.87059275577066,-8.935510575019439,1.6509564109554318,3.2529128607396687,0.2863622306978662,0.47407483764560354,0.18130201258517187,41.92499958121936,
2024-01-28,109,101.05524762521644,93.15885112837914,85.48807325477257,114.55961,187.66135706293483,-13.504361129545291,15.567174370443867,7.896396496837292,0.2630141222554376,0.388465106690032,0.3080580797764139,52.53000679170535,
2024-01-29,111,120.8567845116596,108.73092890410004,110.27928001439327,126.060555,229.536414343523,-5.203769490122795,10.577504497266323,12.125855607559552,0.10390727806458143,0.34345581536592773,0.3759975147408408,65.90000010224053,
2024-01-30,111,47.708151685090755,44.90935286617762,46.136036109432396,58.82071,69.18246776348356,-11.112556282598693,1.5721155756583625,2.798798818913129,0.3361676283024597,0.3131389816783075,0.1986192223859263,19.100000729771956,
2024-01-31,111,48.00953414888532,44.67204218451773,40.091891666064264,46.958755,60.94389793267526,1.0507782105658505,7.917642482821057,3.337491964367596,0.1882275533960927,0.42904140095151333,0.15312553291116748,24.17500127050125,
2024-02-01,112,55.274180656897705,49.234376021527815,60.02410714345551,52.967262,112.41202862646149,2.306918450564678,-4.749926486557805,6.039804635369884,0.28094903691813805,0.3538322632423756,0.22910175964768445,26.04999927105132,
2024-02-02,113,65.18124490673036,55.484927719409484,69.1831856750363,75.2402,83.46807993016213,-10.058953279283195,-4.001940768305942,9.69631718732087,0.3777468429949289,0.2352093069503828,0.23707566502611194,35.94500781047295,
2024-02-03,113,67.03151346637613,58.65488470246834,95.56548626789885,82.22071,132.37835167230378,-15.189198762837764,-28.53397280152273,8.376628763907778,0.6326936462165655,0.06900666202644924,0.33692726110462595,12.059998941595486,
2024-02-04,114,155.44659663684536,149.87247775292448,140.60701759323672,156.94606,282.0801545010728,-1.499475602779472,14.839579043608635,5.574118883920866,0.14306130494776267,0.3108121427163414,0.4282968131858006,121.1599929468788,
2024-02-05,114,50.81633991251389,46.08453245925014,43.4745618611999,56.322567,90.89697924099147,-5.5062247353949045,7.3417780513139865,4.731807453263747,0.07431500098561009,0.2512320126158092,0.15074338397958822,15.47999859731497,
2024-02-06,115,63.18758006432782,55.14055292722971,69.37135764610419,62.372356,64.25000177514217,0.815225854386454,-6.183777581776362,8.047027137098105,0.35349291646311676,0.28910600879335613,0.2436760390582292,33.650002529980846,
2024-02-07,116,87.02862759448331,75.85054696447634,106.25689626188026,85.09357,154.4295592062001,1.9350651148064384,-19.22826866739695,11.178080630006976,0.3924835335141418,0.2755230530802015,0.3464379160311715,53.82999883035154,
2024-02-08,116,168.41309684990296,164.07281701748485,141.71465329865057,163.04764,271.88408148257514,5.365467529486994,26.69844355125236,4.340279832418108,0.10277024409143742,0.2950406819062379,0.3827372524758865,78.54999039569273,
2024-02-09,117,159.88401435392026,154.60828340613944,137.17863206166456,136.72798,228.15515829749523,23.15603343047138,22.70538229225568,5.275730947780813,0.2167002784980313,0.3888408719869394,0.3836869979516054,68.05000147163571,
2024-02-10,117,150.22341540786954,141.66653749435886,138.72136669897353,153.69684,250.20280297985215,-3.473409081626142,11.502048708896018,8.556877913510698,0.29011812157879574,0.27201574954383945,0.4186011966731813,78.92499328027657,
2024-02-11,118,118.7209551957578,110.02587365150704,117.58050778954954,120.70929,196.49211323180174,-1.9883392809937566,1.140447406208251,8.695081544250755,0.42587126261664443,0.30708436488287943,0.35354049364894125,101.86000129295279,
2024-02-12,119,89.10786128275785,76.49338028886739,114.52520891653384,110.98404,155.48413749213546,-21.876180835819547,-25.417347633775986,12.614480993890462,0.6937494098763101,0.14965536776508356,0.35263352647048085,37.62997930677632,
2024-02-13,119,125.56348501546543,111.56086357701726,127.39831948032474,149.17442,190.9136055336612,-23.61093628293827,-1.8348344648593105,14.002621438448168,0.4809744122368048,0.26985176092909074,0.37496850570710766,52.77998621123926,
2024-02-14,120,94.26353876491387,84.21007106689116,98.73416718705057,101.51409,182.63930791591022,-7.250558927158514,-4.4706284221366905,10.053467698022724,0.45997191011235955,0.2773876404494382,0.27139226396878563,21.66000089433141,
2024-02-15,121,63.40817910340453,60.20394595847888,106.53305796336052,116.25792,80.62678544295223,-52.84974067608926,-43.124878859955984,3.2042331449256456,0.6956077630234934,0.12990992664128517,0.3038571528043629,46.70500622180628,
2024-02-16,121,192.44969395911397,189.74516173064217,183.10743854770882,176.43999,352.2577035743715,16.009709097629738,9.342255411405159,2.704532228471819,0.09360200575726622,0.3555111895254898,0.45328790897672827,62.920001604783984,
2024-02-17,122,124.04676506882075,114.99074925836481,137.80491819097483,128.12949,231.92833974886838,-4.082717867354389,-13.758153122154074,9.056015810455945,0.49083624976975504,0.3181985632713207,0.3714964072235295,104.99999380048394,
2024-02-18,123,67.75943054161905,63.57546995089548,81.22845496787164,87.18474,121.58618014751835,-19.425304127054485,-13.469024426252595,4.183960590723569,0.3838951310861423,0.23664017539051796,0.21376648187879624,33.65999597182271,
2024-02-19,123,59.13791784759217,56.55831797590585,65.6455286113988,70.50733,97.00723667766677,-11.3694067956592,-6.507610763806629,2.579599871686319,0.36704119850187267,0.3150178130994793,0.22003381232905195,24.709999653634647,
2024-02-20,124,77.69302527077737,71.12562678489954,97.56370905943085,99.363,169.0305303989058,-21.669969678886474,-19.870683788653484,6.567398485877821,0.5448079014135556,0.19826023921710764,0.29906130810418435,47.40999280716176,
2024-02-21,125,114.74746097803116,101.4552227998972,135.30959983855874,122.23946,221.12464323249176,-7.491997051715851,-20.56213886052758,13.292238178133964,0.4559550561797753,0.19182022471910112,0.3830675929784775,75.06998653002144,
2024-02-22,125,206.08428696548938,201.80386194014548,163.78160032307437,186.83043,352.04769214575896,19.253865933537483,42.302686642415004,4.280425025343895,0.12062921348314606,0.5321348314606742,0.4208388509750366,48.964979370336366,
2024-02-23,125,210.5959273324013,206.2479243044853,199.68399940508257,195.41205,346.89363416707283,15.183886522769928,10.911927927318692,4.348003027915954,0.06597752808988765,0.3535730337078652,0.48572672867774963,56.80000474095332,
2024-02-24,127,101.9213445652423,89.54535996761378,146.68110243230117,144.55006,198.71778691707306,-42.62871766313324,-44.7597578670589,12.375984597628511,0.7996549588604795,0.10360081394320092,0.40873912047213456,35.049997038627225,
2024-02-25,127,56.77147182499564,53.885819522062626,71.9149605661982,67.064964,80.31202335542359,-10.293492330516887,-15.143488741202548,2.8856523029330208,0.3679554100681235,0.3534902238343802,0.21571257405393707,15.099992093354786,
2024-02-26,127,198.66006713929607,195.79522327738485,197.05590549538454,185.17139,313.07364244427544,13.488681175225363,1.6041616439115498,2.8648438619112406,0.3220826329293108,0.2738211094399717,0.46070517106788367,142.60000990361277,
2024-02-27,129,183.09924105930236,172.78994039036044,179.60697616856535,171.81668,295.05816867008133,11.282564984158029,3.4922648907370153,10.309300668941912,0.2923961327410504,0.3548906889643759,0.4268219170644302,87.0799858997561,
2024-02-28,110,62.77761541564356,60.319443965093654,45.6545456014231,54.459583,54.974361766584614,8.31803007301959,17.12306981422046,2.458171450549906,0.06910112359550562,0.5290602655771195,0.12048451792110096,9.340001240784112,
2024-02-29,19,63.98990883717411,61.71010596579627,37.61578958590784,38.943832,90.04963823470479,25.046076038166095,26.37411925126627,2.2798028713778447,0.08042578356002365,0.8426966292134831,0.31767306986608,10.29000129073961,
2024-03-01,130,109.92079587498536,101.76936340761873,141.65615399001257,130.46272,242.32542665879907,-20.541922116623475,-31.735358115027186,8.151432467366641,0.5026793431287813,0.1644770959377701,0.36403353518018355,79.99999096827375,
2024-03-02,131,136.71573210018508,125.3974768859512,184.75725163149124,167.97092,279.00131165890787,-31.25518491176021,-48.04151953130616,11.31825521423389,0.5122652028475855,0.22308945878720304,0.4259636077944559,174.36000527753833,
2024-03-03,132,163.64933544436866,155.79708924850053,182.8628788621573,203.42363,284.07595874598616,-39.774306584093154,-19.21354341778865,7.852246195868109,0.48186925434116445,0.21897344228804902,0.41822352091019804,296.50000172162436,
2024-03-04,132,222.30726025270468,216.8729809079545,225.18863645764085,215.4177,350.27064064505714,6.8895716914963545,-2.881376204936195,5.434279344750173,0.26136363636363635,0.29375212802179096,0.4756604066175042,124.50001678987701,
2024-03-05,133,238.97782604340324,237.0854533037969,249.80751744326284,241.47322,351.4147863675508,-2.495390275143143,-10.829691399859598,1.892372739606334,0.22150882825040127,0.241319591112613,0.5375173278993234,71.42001040948558,
2024-03-06,134,260.98527670229106,259.80441289962226,259.4738815756379,246.03801,415.9279237861064,14.947255034611297,1.5113951266531362,1.1808638026687637,0.13139359382860977,0.31552909609257085,0.5389719615454105,62.75999579981153,
2024-03-07,134,257.7555540573241,256.27123416003894,253.97462686588307,251.4984,388.9841771075669,6.257142821799463,3.780927191441044,1.4843198972851483,0.16941975515680027,0.3086952876069093,0.5481862459164947,102.81998946903653,
2024-03-08,135,252.20629383960255,251.42990950307362,260.24222160073936,250.36615,395.93283685990536,1.8401362760751336,-8.035927761136817,0.7763843365289547,0.22326258843112776,0.22850603412401166,0.5834517962402768,43.79998754288772,
2024-03-09,136,118.08432152965928,110.49431742322358,159.72573506754574,163.08237,248.13863485675878,-44.99804604130195,-41.64141353788646,7.590004106435706,0.6114920687376074,0.23000660938532716,0.39078376043642704,132.50000252806817,
2024-03-10,136,125.68436480291626,117.09833945942057,152.34706035341037,167.2536,247.76038523373603,-41.56923309297246,-26.662695550494128,8.586025343495695,0.5969514210178454,0.18427792465300727,0.34912354049875455,119.99000167442935,
2024-03-11,137,129.59861856013754,122.45312749317092,170.4693448207754,156.62419,247.3737923675016,-27.02556907032093,-40.870726260637866,7.145491066966613,0.5509718691052243,0.24575576150250142,0.3700575995510512,50.974995096898056,
2024-03-12,138,232.76670402396417,228.5366136631456,214.48550855637686,230.3008,338.6103401657141,2.4659021766721336,18.281195467587292,4.230090360818566,0.3113092330239375,0.24303859306301903,0.4499551563159279,349.9800352978632,
2024-03-13,138,280.8318423633126,280.58467073630595,285.29347829710485,280.56305,431.48135889951357,0.2688163117222164,-4.461635933792209,0.24717162700666898,0.2341231069858329,0.21140693698094773,0.5751896932505179,66.72001063099646,
2024-03-14,139,279.82769161119734,280.03917178768904,283.4122283308459,278.0929,432.07240512040534,1.7347880177360644,-3.5845367196485585,-0.21148017649170306,0.177511923045833,0.20810767116643764,0.5747974433487267,38.80997573047664,
2024-03-15,139,282.73935903769603,282.7481168077575,287.00575478927686,280.48682,432.9331068220581,2.252546679416149,-4.26639575158082,-0.00875777006149292,0.15689919974133054,0.20624848435858056,0.5795717498810171,45.099978949805724,
2024-03-16,141,287.59186206726315,286.2605108163247,286.23758927298405,278.18878,436.1149717339511,9.403082320876155,1.3542727942791535,1.33135125093849,0.1515658618216591,0.23507849231014422,0.5739874850350914,44.86000572432347,
2024-03-17,141,292.58633389540597,291.2846894834904,296.39006982085255,291.02066,438.855866914932,1.5656665622765291,-3.803735925446555,1.301644411915583,0.14841820065343853,0.20906048290700455,0.5978475756256293,33.444986056813995,
2024-03-18,141,302.20485120715824,301.05712920807775,292.745389003179,292.61554,448.86777044805535,9.589326083237397,9.459462203979253,1.1477219990804686,0.10176109650171328,0.2652801020001594,0.5591390753257359,59.92996439006583,
2024-03-19,143,298.5596204725179,297.0194589471692,300.53496584759915,292.2226,441.65045809573155,6.337023206940898,-1.9753453750812588,1.5401615253486833,0.1557711950970378,0.22652628270605799,0.5935613010729943,35.07999119189153,
2024-03-20,143,276.7091585419082,273.15958991641554,236.28321734911324,275.21588,389.6419521305589,1.4932711304171935,40.42594119279496,3.5495686254926495,0.2728844189518347,0.3562504910819517,0.4596759772800899,105.86996719438984,
2024-03-21,144,291.88368201266144,289.21559387952504,252.47500151769938,287.75473,417.94805615727574,4.128970639676684,39.408680494962056,2.6680881331364312,0.2945536828963795,0.2515605493133583,0.5227722449021207,246.5100180809483,
2024-03-22,144,120.76585077918652,111.9315904449775,177.4937501204224,179.02116,258.996250209274,-58.25530369072739,-56.727899341235876,8.834260334209022,0.710479088639201,0.14786204744069914,0.40296768376396763,75.16001642688681,
2024-03-23,145,218.20492885436477,215.25576098694884,169.11862039879054,212.96379,304.2723581473309,5.241136858329691,49.08630845557424,2.949167867415938,0.19628051142967842,0.32254939945757455,0.35170659055483755,257.9699980355407,
2024-03-24,146,250.74342403989542,247.88108987042247,280.7253422320392,264.87952,368.86956660106455,-14.136103933090217,-29.98191819214382,2.8623341694729376,0.2853624749884562,0.2016315222410343,0.5292171308234946,138.10000365192204,
2024-03-25,146,203.4556878521426,194.4712008417469,222.89109610200714,186.48227,325.235959415629,16.97340717646357,-19.43540824986452,8.98448701039569,0.38025242419578265,0.2424965368631676,0.44007015320127957,71.11998744732935,
2024-03-26,147,278.56386241032965,274.0295579976776,259.7299310161903,246.10132,378.44241207289485,32.462538309445996,18.833931394139334,4.534304412652035,0.24149659863945577,0.32546052128716657,0.47884204669469066,242.70002398055522,
2024-03-27,148,71.82789430943494,68.94568595229774,91.2783782931702,94.63236,148.03074887100976,-22.80447195898238,-19.450483983735268,2.8822083571372,0.4232083206802308,0.33233373823261464,0.17384909582953598,48.829995960593706,
2024-03-28,148,159.12799238972366,149.86320453731193,197.08513477363388,197.35974,292.2208295067961,-38.231752044697465,-37.95714238391023,9.264787852411738,0.6041603401153963,0.14333434558153657,0.39458051243343867,192.82001107210922,
2024-03-29,149,307.21025283674663,304.0321375720653,295.1187914211488,302.3704,446.0651231718912,4.839854526539777,12.09146141559785,3.1781152646813617,0.1512706432395747,0.24820903400950156,0.5359672129954267,94.02499305092057,
2024-03-30,150,328.08172677904366,324.89723456968864,331.86108480799936,332.61542,482.1039174135394,-4.533685547610124,-3.779358028955721,3.1844922093550365,0.25696629213483146,0.2043445692883895,0.5930871164798737,40.20001495810937,
2024-03-31,150,334.74084858447316,332.7540651183327,337.39600105670297,332.57538,493.72083592000155,2.1654743976394335,-2.6551524722298274,1.986783466140429,0.22827715355805245,0.22389513108614234,0.5867959302663803,39.299987209598655,
2024-04-01,151,320.293980331265,316.4762139264124,324.5913911644046,322.06802,449.8406547238357,-1.7740359009792472,-4.297410833139641,3.8177664048525672,0.33391621400401816,0.2684351514249572,0.6019095068933159,130.29002487653085,
2024-04-02,151,331.5886624090324,329.6192524468662,330.49271378000014,295.40604,415.9928613979436,36.18262193633231,1.0959486290322284,1.969409962166224,0.19633157228960488,0.2954832948880125,0.6091918997614589,240.8999987376548,
2024-04-03,153,186.7750536669411,175.3524921709075,193.09999956467084,192.28996,334.82749090001175,-5.514912024968201,-6.324945897729748,11.422561496033582,0.4464272600425938,0.3295145773665271,0.33971520759213986,65.19001063212251,
2024-04-04,153,78.62259579522937,73.15534998471635,83.18300620274881,85.17128,111.2751895465547,-6.548686871536417,-4.560410407519444,5.467245810513013,0.2763090254828523,0.40526547697730775,0.17154062534469405,62.22999789075094,
2024-04-05,153,111.47475676798548,100.030575408022,132.23790783443826,160.22247,277.67219316214266,-48.747716222274924,-20.76315106645277,11.44418135996348,0.6238892560769627,0.1625908790482485,0.2561155619233652,20.92999364970054,
2024-04-06,154,309.3987640120186,304.0503986923919,246.06168802916162,263.833,376.1548051941527,45.56575293795436,63.33707598285698,5.348365319626672,0.1879833649496571,0.4728586020720852,0.4146405854927642,184.13999621929403,
2024-04-07,155,331.8938294410706,328.4324795824866,324.4477400724531,312.00818,450.66814706835413,19.88563795551177,7.446089368617444,3.4613498585839424,0.26284885828198623,0.28561072852482783,0.5544682384498658,265.05499864403583,
2024-04-08,155,268.0733030698953,257.49789665336573,250.42645088376565,265.1528,391.1095684609906,2.920515135315157,17.646852186129667,10.57540641652961,0.26621964479884014,0.4218557448350852,0.4656873947670383,59.325004406321185,
2024-04-09,156,360.21178979818256,357.15503340290905,354.2814078405571,355.39606,503.0999049204834,4.815739241070473,5.930381957625435,3.0567563952734838,0.26062373955632384,0.28943388072601556,0.6002712090237018,101.29000278476458,
2024-04-10,157,337.5647075158206,332.38074908932305,334.47070136770054,334.03943,473.7126847751237,3.5252712407879008,3.0940061481200285,5.1839584264975445,0.24779932727402848,0.27810777928862807,0.5749063022007608,69.64998987065178,
2024-04-11,158,277.0517196016787,267.730389858207,302.3069618599269,295.26276,420.56490083794574,-18.211046241223812,-25.25524225824819,9.321329743471704,0.4727634760347035,0.22667472621248758,0.5303331052389326,119.90002254400858,
2024-04-12,158,143.88759999807124,129.65967425864332,214.76962011528548,201.504,325.0932253376688,-57.61640252474743,-70.88202011721425,14.22792573942791,0.7211278623239937,0.14190726781396673,0.3784149201421798,76.73999817922736,
2024-04-13,158,320.3101678211478,312.98398340389696,331.56202489143135,329.47025,447.62744637058603,-9.160071259812463,-11.25185707028356,7.32618441725079,0.3555681979803726,0.24224861328402786,0.5749708842250365,79.63998734308115,
2024-04-14,160,348.84626533866395,345.90860948672054,321.8881247299365,345.086,452.79681271659126,3.760249503259547,26.958140608727387,2.9376558519434184,0.22271769662921348,0.23700842696629212,0.5729345173574985,121.18000452579908,
2024-04-15,160,314.631799329631,309.8783298460301,340.54625106988254,336.64178,456.99469641661125,-22.009976284392177,-25.914451740251515,4.753469483600929,0.42650983146067417,0.2134129213483146,0.5667326850816607,115.61999761688051,
2024-04-16,160,380.75444836243986,377.79061831347644,347.8093771275524,356.18585,489.0523010580381,24.56860845312476,32.945071234887465,2.9638300489634277,0.28268960674157306,0.29297752808988764,0.5646319002844393,351.8399780796899,
2024-04-17,161,382.85719208687726,380.0843846803496,335.83478372253774,340.6557,498.6541334879769,42.20149329286184,47.02240836433952,2.7728074065276553,0.15667527392002234,0.2938795449787145,0.5622575614393127,322.02003191381937,
2024-04-18,162,381.8093835437371,378.804965161247,372.9666669147515,384.8445,528.5611997924808,-3.0351388853641206,8.842716628985643,3.004418382490123,0.2587043972811763,0.256762380357886,0.6047840088053986,116.99999495076008,
2024-04-19,163,389.15645044676364,386.3959028792162,386.7220865257993,384.0992,539.5996641529916,5.057247220007189,2.4343639209643912,2.7605475675474644,0.2588750258495899,0.2750741021575791,0.6293878076266657,56.37504216278416,
2024-04-20,163,380.8710366316551,377.7728346391507,380.94539882974965,384.1685,511.1387639000534,-3.297448742700501,-0.07436219809457477,3.098201992504436,0.3377335079616737,0.30916109464396496,0.6011567088129696,49.88499054153687,
2024-04-21,163,346.1496506251989,344.5284735966771,358.56257655324265,352.52908,490.3886076890427,-6.379453578335376,-12.412925928043787,1.621177028521804,0.4446818777142069,0.24122837250982287,0.5739524448576149,74.08502788356009,
2024-04-22,165,395.4035055144267,392.78482620689005,390.56242434850014,395.38034,540.1175701525384,0.023188612497214114,4.8410811659265285,2.6186793075366452,0.24654409261150834,0.25737146748382705,0.6233401361739996,91.10998571463676,
2024-04-23,165,355.41140649508344,351.2822574715723,343.8127272284556,346.184,480.86320160398986,9.227406843954867,11.598679266627839,4.129149023511193,0.175859720803541,0.30394960844399044,0.5812028673562136,84.06502760636948,
2024-04-24,165,277.90361045860885,273.45158421108215,254.65333379470954,278.5298,390.67330671293143,-0.6261770500378175,23.25027666389929,4.4520262475266605,0.3684371807967313,0.3227442969016003,0.45854906611370316,186.44000548626826,
2024-04-25,167,176.25789678837367,161.11505607346038,215.40359397464096,224.11447,325.74421537646765,-47.85658105163874,-39.14569718626728,15.142840714913286,0.5133216712642131,0.22233061965955728,0.3837611184059503,113.12500703646037,
2024-04-26,167,389.7154006383376,387.5566020236758,383.78383073235875,378.26138,461.2179024748434,11.454009267027507,5.931569905978853,2.1587986146618507,0.22579559981161273,0.24830115050797283,0.628334095913493,328.8500336074285,
2024-04-27,167,277.83507635386405,267.3871490800095,274.37904149974895,296.36264,389.0028889198378,-18.527544902113384,3.456034854115101,10.447927273854525,0.3063311579089013,0.3311915494852991,0.4878949225841168,246.57498266111088,
2024-04-28,168,284.4166583442351,278.7950086397607,334.3374966021708,312.90732,419.60738285188245,-28.490662192083185,-49.920838257935735,5.621649704474423,0.44040930979133225,0.21355002675227394,0.5443882276969296,247.3999851656543,
2024-04-29,169,269.5500710127798,263.0543173376978,276.8857988306992,285.11713,405.78097654705306,-15.567052988875547,-7.335727817919324,6.495753675082026,0.3232497839239412,0.2639784588790639,0.47341506994334903,338.92000609308025,
2024-04-30,169,340.2679664689232,333.83799814199205,318.389942760495,327.71326,426.6216667543726,12.554688646507687,21.87802370842819,6.429968326931169,0.26248254770294527,0.3349178910976664,0.5188464644039876,402.87003154585256,
2024-05-01,169,411.4775709830798,408.51523960253894,399.9994090377733,405.35632,560.2504540481507,6.121227135319682,11.478161945306457,2.9623313805408027,0.18416328701549098,0.26826673758393726,0.6108256025603537,89.68000066293725,
2024-05-02,170,390.9731864658349,389.9771410934189,394.9299982373113,367.90076,485.90767711731166,23.072420791580395,-3.956811771476463,0.9960453724159913,0.17306675479180436,0.2362855254461335,0.6241112958858995,122.9000427454608,
2024-05-03,171,398.56046034182197,396.2361664623458,381.16140259820554,390.22842,521.0158914325108,8.332035578003055,17.399057743616435,2.324293879476207,0.1843419409948091,0.29551875944543005,0.605161951691435,116.42997457899469,
2024-05-04,171,85.97942846708479,80.03339056585703,117.08771878858155,138.33595,202.0793893636361,-52.35653270964037,-31.108290321496764,5.94603790122776,0.5738221959392864,0.24659964518036664,0.20131711769652993,27.16500318992693,
2024-05-05,172,83.33275505919876,79.33445094079646,91.7499995167409,88.32114,184.97201965969322,-4.988379350733445,-8.417244457542147,3.9983041184023023,0.2631957146590018,0.27688136921870915,0.16307550042781027,17.9499889169947,
2024-05-06,172,375.72237382023485,371.9639757681032,320.660463817635,360.91397,443.98181458446214,14.8084075415377,55.0619100025999,3.7583980521317137,0.21932976221583486,0.34446041285602297,0.536792858048927,481.99998726535705,
2024-05-07,173,395.85541056225753,393.5774780104443,397.46589718968977,364.18582,494.34667424742327,31.669578943810713,-1.6104866274322664,2.2779325518132634,0.28174319672663506,0.289374553484445,0.6290180896748008,405.5100067065933,
2024-05-08,173,407.87156089968073,406.20784858928596,402.2104031717013,400.1797,532.604257434198,7.691882241840307,5.661157727979436,1.6637123103947997,0.21812690783918945,0.29213483146067415,0.6710049565127819,36.84500062630668,
2024-05-09,174,413.18506650789374,412.40622617167304,418.19310096259005,417.49545,548.9833374835407,-4.310408332138911,-5.008034454696356,0.7788403362207029,0.297333075035516,0.25842696629213485,0.6714132967694052,30.86002446289278,
2024-05-10,174,421.8442196864849,420.5309439042861,424.9908032419317,421.88998,556.7156634714412,-0.04578709139906127,-3.146583555446814,1.3132757821987415,0.26491669895389386,0.27053467648198376,0.6737831066223396,40.26000102050239,
2024-05-11,175,419.8049652712686,417.9788357065405,422.2268567146316,419.65204,555.0463763591036,0.15290532112121583,-2.421891443363035,1.8261295647280558,0.29935794542536115,0.2755056179775281,0.6678716774497714,35.93504878047802,
2024-05-12,175,428.2371082236937,426.3671084322248,428.4479995754015,423.32562,566.1913164057386,4.9114730003050395,-0.210891351707844,1.8699997914688928,0.23874799357945425,0.29235955056179774,0.6691827360221317,39.16499608741832,
2024-05-13,176,383.6986980158412,379.20325522082436,388.6647715733065,383.74277,495.4378055245877,-0.04406194884160703,-4.966073557465264,4.495442795016888,0.3443564862104188,0.2452757916241062,0.6240209637379105,100.47998925600345,
2024-05-14,176,418.4907188163224,417.5252272591672,427.0499983725649,427.94763,542.9403868567383,-9.45691005022011,-8.559279556242595,0.9654915571551431,0.31195735444330946,0.2625446884576098,0.6902571123262699,89.08999730111464,
2024-05-15,177,397.2519376559951,397.2073502659293,400.1717509069578,399.5922,507.53288678330836,-2.3402749536569507,-2.9198132509626946,0.04458739006586668,0.3073700247571891,0.2897543325080937,0.6385342303642445,64.50001877825525,
2024-05-16,177,423.41383321212845,421.70537293630804,431.5723162890006,425.2305,555.2669919813386,-1.8166507050647573,-8.15848307687214,1.7084602758204197,0.3328572335428172,0.242810893163207,0.6670748442411423,45.87498523406384,
2024-05-17,178,427.0209595558516,425.17458827215967,406.5466267057312,418.2388,569.7810225670914,8.78215399660756,20.47433285012038,1.8463712836919206,0.195335184951395,0.32719984850397676,0.6314335675554329,384.1800272984916,
2024-05-18,178,383.7436467548937,379.0532957071836,315.14213433143993,339.80225,455.6906811182785,43.94139778672644,68.6015124234538,4.690351047710086,0.2361128645373059,0.35279636409544246,0.5163724413246251,258.43999821246103,
2024-05-19,179,425.10992868402815,423.66246183782647,394.5430174327852,400.0781,550.6635452038313,25.031843559119288,30.566911251242935,1.4474668462016729,0.16301550436256357,0.32251584960140606,0.5873771500487567,257.665000494541,
2024-05-20,179,428.16663243675697,426.84405484704,424.35139569664403,417.23764,554.784244180188,10.928969455414645,3.8152367401129696,1.3225775897169911,0.2510827945515034,0.2810244178017701,0.6582295932083823,170.31001988615333,
2024-05-21,179,139.3920386229647,130.63715206523682,178.7865926429146,173.21713,270.86254295414125,-33.82509397960908,-39.3945540199499,8.754886557727886,0.6216182286108844,0.19424392693490677,0.3249549918064025,51.73500397954504,
2024-05-22,180,276.52345213153296,270.78231675384774,250.66888717253315,266.7434,366.64391251335417,9.780059751454328,25.854564958999823,5.741135377685229,0.19054307116104868,0.3203807740324594,0.4354579362190432,279.7799851718281,
2024-05-23,180,426.83347685403294,425.5482995605303,411.05222416002675,386.52136,525.6754697602066,40.312135591109595,15.781252694006152,1.2851772935026222,0.24272784019975033,0.2653558052434457,0.6339551313055887,61.41002136898895,
2024-05-24,181,402.79433306076083,397.6003434616475,385.3132581826619,384.09613,468.24152209094086,18.698219000922712,17.481074878098966,5.193989599113307,0.2138245701160842,0.3301880936122664,0.5978356207931897,261.61995709098846,
2024-05-25,181,379.6874951954046,375.1283397803814,364.519336827362,349.48624,452.59800450451166,30.201273154817233,15.168158368042615,4.55915541502323,0.1722639518281706,0.3380408467316407,0.5786387723618449,180.5199850693536,
2024-05-26,181,390.9810736051745,391.5750115699037,362.395027616826,383.57053,454.70732606691496,7.410554355432315,28.586045988348488,-0.5939379647291826,0.23151654354708548,0.30551244645850145,0.6249238636282927,228.4049577268064,
2024-05-27,181,400.1636992795856,398.3172199202506,365.9635343913426,376.35532,490.2914860175218,23.80836484750002,34.20016488824295,1.8464793593350037,0.1755850766652182,0.4292321062759948,0.5970603423553277,177.469982349808,
2024-05-28,182,297.7578786193997,284.6192943083716,267.8280208037612,267.96014,397.1456964646779,29.797739729940236,29.92985781563849,13.138584311028103,0.28525126558834424,0.40603778244227684,0.46158947615505574,205.19999963335795,
2024-05-29,183,355.0294128316022,351.9947340810885,323.5174874154599,350.3032,440.1625170420676,4.726227644851299,31.51192541614228,3.0346787505136814,0.23994596917787192,0.32673297722109657,0.54439435044273,267.6250209723511,
2024-05-30,183,432.7393637122841,432.0964089060416,433.3792349093377,429.29858,570.1979324594197,3.4407673301429695,-0.63987119705357,0.6429548062424842,0.23171854853564192,0.26401424448947014,0.6624401907126108,41.58001101607314,
2024-05-31,183,427.32620922870973,426.55694456097206,428.1989076157594,425.6498,549.4457700580377,1.6764063849800923,-0.8726983870496948,0.7692646677376794,0.2672069748879474,0.2834469208571253,0.6636800716320673,44.14494704086534,
2024-06-01,183,250.45890331569592,241.61667501462287,265.6000014670004,249.75858,375.34285974082695,0.7003193114136086,-15.141098151304503,8.842228301073032,0.40578375391416466,0.29468287591330505,0.43708356368085727,264.90497920973974,
2024-06-02,183,187.0604796418564,174.01369860365253,190.0382507379478,201.94348,287.692314707502,-14.88300668761704,-2.977771096091416,13.046781038203852,0.3897894025910235,0.3665807085405538,0.32341721561314957,80.40500353147804,
2024-06-03,183,354.3172815214904,346.08069191164657,371.24426198468075,305.1818,391.7080807262956,49.1354708790657,-16.92698046319044,8.236589609843787,0.260361024129674,0.2717811751703813,0.5399924593422908,508.82500998793313,most_variable
2024-06-04,184,207.67977159324548,202.9180895027745,263.78043457935325,224.23431,299.6899606569566,-16.554530443542678,-56.100662986107785,4.7616820904709725,0.390052515876893,0.23622984855886664,0.4263480176906223,222.94003514314377,
2024-06-05,184,438.1617362410154,437.2954085610969,444.4309761925055,439.5386,578.660439520845,-1.3768468562351621,-6.269239951490117,0.866327679918512,0.33246824621397164,0.2544882755251588,0.6780948109276916,34.210011896432306,
2024-06-06,185,427.2539546289959,426.897495643271,445.0405398203882,439.6493,558.8155731988859,-12.395331432368303,-17.786585191392227,0.35645898572496465,0.42717886425751594,0.2380807774066201,0.6987907277571188,43.72499584383411,
2024-06-07,185,432.32126712428555,431.9864940277628,440.32748265973254,441.1853,567.8002513107464,-8.86405207257013,-8.006215535446985,0.33477309652276943,0.4260249013058002,0.25721226844822354,0.680161011057931,42.70501124656602,
2024-06-08,185,385.5284809710206,379.43927676476335,394.3135126920422,389.5195,497.87132938578236,-3.991037685323406,-8.785031721021575,6.089204206257253,0.3192529608259945,0.3176131187367142,0.6216365065123584,103.63500729187741,
2024-06-09,185,218.75940718811913,205.41349885361018,246.8372976252438,235.73734,354.4414079663832,-16.977915650122874,-28.077890437124683,13.345908334508941,0.34880048587913753,0.224506529000911,0.49578583425766715,123.0049799404689,
2024-06-10,185,423.8678205135706,423.58661161492,434.8037835006363,423.23764,548.2570577524884,0.6301768000061447,-10.93596298706567,0.2812088986506333,0.37652596416641365,0.2191314910416034,0.6773937894685849,98.44001593872362,
2024-06-11,185,431.390817706891,430.67389902263074,438.3729726032066,438.08762,558.7031590618016,-6.696828732377774,-6.982154896315579,0.7169186842602653,0.33634983297904647,0.20173094442757367,0.6704844366859746,90.60000321649292,
2024-06-12,186,444.85665427068227,444.3086009027977,441.89677312268316,435.74652,588.6303758123918,9.110139957999671,2.9598811479991385,0.5480533678845693,0.2181949981877492,0.3067234505255527,0.6622233972434075,34.19996612370741,
2024-06-13,186,432.792443235555,431.42756872199556,425.4311820869286,431.14877,551.034222548491,1.6436685527204185,7.361261148626432,1.364874513559444,0.2971487253835931,0.3008336353751359,0.6259484013081879,96.74000802211226,
2024-06-14,186,362.44829977840504,355.42581742168755,360.9279608814493,359.22186,468.0665307588946,3.2264354831428936,1.5203388969557894,7.02248235671751,0.3589766823728404,0.31672103419113207,0.5653626366007712,116.28000904885411,
2024-06-15,186,371.506068188657,369.16401802836566,294.8397825971684,318.4198,417.4234340819201,53.08628055613528,76.66628559148863,2.3420501602913744,0.20816721034191132,0.3707865168539326,0.4754800577798197,485.2200031671844,
2024-06-16,186,408.6096508926762,405.6051131180057,379.1430133218973,354.6374,506.1755929155596,53.972269310826256,29.46663757077892,3.0045377746705086,0.09387459224356651,0.33417905038057266,0.5908491565014726,145.399989588928,
2024-06-17,186,334.31809017566906,328.46314559989077,252.3930095875032,318.00354,418.3666283419732,16.314530273518894,81.92508058816584,5.8549445757782586,0.2412709919052797,0.40745439168780956,0.41156139296870076,293.83999442338444,
2024-06-18,186,426.71958750718704,425.19903444875314,422.20698939942747,422.0934,551.4826130795943,4.626185675221746,4.5125981077596125,1.5205530584339173,0.2886613507309411,0.24725141959647215,0.6484124670105595,68.95998787112654,
2024-06-19,186,436.49531143294865,435.6775068731238,440.16397731715017,434.2445,575.7095336296671,2.250823029587346,-3.668665884201541,0.8178045598249282,0.30521324151262536,0.27872417542587896,0.6754176059076863,31.680005556355535,
2024-06-20,186,424.0479212098865,424.27689068636266,423.95214903623446,406.07108,531.3535381693796,17.976850749023498,0.09577217365201508,-0.22896947647615146,0.2851576658209496,0.299957714147638,0.6707870912167334,200.15996652840508,
2024-06-21,186,429.7797827022851,429.5117134577645,436.6822561098233,430.37228,559.2425275851265,-0.5924940319952144,-6.902473407538144,0.26806924452063857,0.34269662921348315,0.27600579920260965,0.6790891722325356,64.4999996630198,
2024-06-22,186,409.6094228781519,408.2059859444377,359.2967744932126,376.426,495.8077495944896,33.18341934769064,50.3126483849393,1.4034369337142154,0.27739519149450287,0.3296786275220491,0.5766645387936664,175.78000101657298,
2024-06-23,186,434.0460946023144,433.41737514606086,425.3370957660857,428.10175,558.6150885210457,5.944344574565529,8.70899883622866,0.6287194562535132,0.2504832668841368,0.3132777576416576,0.6634729914767767,119.8999600078568,
2024-06-24,186,436.56257944009315,435.65234179306094,437.92956928503764,435.839,574.7010625837698,0.7235571907893303,-1.3669898449444606,0.910237647032225,0.32541983810559383,0.26513229430953245,0.6628502706686655,55.779945859128105,
2024-06-25,185,434.7224697415893,434.16534689084904,448.58540774647497,442.59134,572.5273263364224,-7.868861217112155,-13.862938004885635,0.5571228507402781,0.3978742787731551,0.25493470999088974,0.6961359943892504,31.555003510936874,
2024-06-26,185,288.0021834131834,271.4760747319138,280.64648659063283,291.54922,406.8206219280309,-3.5470604236061507,7.355696822550504,16.526108681269594,0.38885514728211357,0.27789249924081383,0.4684120626868428,382.5900216183332,
2024-06-27,185,283.95193568645294,277.3076282899122,305.6654060305736,290.17142,317.61785216809443,-6.219465275551822,-21.713470344120587,6.64430739654077,0.2525660491952627,0.26055268751897964,0.5130904990273553,413.42001702707006,
2024-06-28,185,420.9415284970322,419.9265964145596,434.5037812160693,426.8984,543.9321575789987,-5.956859102603551,-13.56225271903705,1.0149320824726207,0.35426662617673854,0.24105678712420286,0.6702027246758745,65.39002508518078,
2024-06-29,185,259.21420682898247,246.60915136099666,303.78216200644914,276.52682,359.57099406845407,-17.312614306203418,-44.567955177466686,12.605055467985771,0.5634983297904647,0.17755845733373823,0.46447570106467684,147.39001514977463,
2024-06-30,185,419.5415120228722,418.48360610580124,436.53297320182594,419.10428,488.5544099132334,0.4372576482392646,-16.991461178953696,1.0579059170710075,0.35165502581232916,0.20437291223808077,0.6737481043950931,106.47000644396357,
2024-07-01,185,409.1138364674272,407.52479768798156,423.24756678820376,406.61234,530.5263938044724,2.501490769354073,-14.133730320776541,1.5890387794455967,0.3845429699362284,0.22751290616459158,0.658799321748115,60.59495971605119,
2024-07-02,185,434.38698456947867,433.53471763327315,441.5394591030076,433.73874,572.8356952124574,0.648259448521846,-7.152474533528862,0.8522669362055288,0.2882477983601579,0.2665654418463407,0.6846576671342592,31.87998066967029,
2024-07-03,185,429.44692529133846,429.158350937592,439.25351250110276,430.3364,567.5261558987006,-0.8894592447860821,-9.806587209764308,0.28857435374646573,0.31035529911934406,0.26601882781658065,0.6846420054500167,34.64000624352329,
2024-07-04,184,431.18258305776703,430.67752475372475,445.0081509105225,437.3401,568.891457913912,-6.157535251958863,-13.82556785275544,0.5050583040422719,0.37967147044455296,0.251038104543234,0.6939027578286503,29.489978067370977,
2024-07-05,184,429.75234544528246,429.4501339958414,437.7331512264124,430.91666,568.4458235267447,-1.1643251207373713,-7.980805781129964,0.3022114494410546,0.31970566682950663,0.2775403028822668,0.6873740486638702,34.300018230810764,
2024-07-06,183,420.1720876148164,419.7968451315588,445.646993289842,438.83136,552.742991881054,-18.65926167987735,-25.474905675025596,0.37524248325759596,0.45680604162829247,0.20826425983913552,0.73242410056578,37.40000652501633,clearest
2024-07-07,184,422.7372786844068,422.3513632962561,436.49999757962144,426.607,557.9896701418835,-3.8697053918857938,-13.76271889521462,0.38591538815070753,0.3555202735710797,0.2542134831460674,0.7003035989144574,30.450002738124024,
2024-07-08,182,418.95304274485335,418.10435855503266,434.34670170233875,429.30554,551.5684617092736,-10.352506253172407,-15.39365895748541,0.8486841898206826,0.37334856155080876,0.22437955303123844,0.7160280392720149,29.399974791605928,
2024-07-09,183,422.05891905822716,421.53470909457064,434.2431693416992,423.62326,558.1559931723554,-1.5643194531970988,-12.184250283471984,0.5242099636565141,0.3110456192055013,0.25219500214895313,0.7010992947823363,36.76496904352952,
2024-07-10,182,402.36213604663754,400.8153004106748,420.35274836285606,385.97964,527.5704034989951,16.382503980791174,-17.990612316218566,1.546835635962722,0.320656871218669,0.2842634893196691,0.7062818499711844,39.50000440129588,
2024-07-11,182,428.11660827172324,427.49426965448225,431.94395661622843,418.9797,567.8963913200593,9.136914670303627,-3.827348344505204,0.6223386172409896,0.2266020496357575,0.2906531670576614,0.6856903035889615,29.500001421227353,
2024-07-12,182,422.59102040267254,421.6221928299292,427.18901141089714,415.0679,557.8800712717089,7.523133245798258,-4.597991008224596,0.9688275727433163,0.23539943202864552,0.2855908136807013,0.6919405085372401,34.69997343185969,
2024-07-13,182,415.46922590861936,414.22695029355015,429.0186816493065,421.93384,549.1180098454282,-6.464624929968473,-13.549455740687097,1.2422756150692373,0.3964069638226942,0.23456599580195087,0.7066696427025638,35.099946637219546,
2024-07-14,181,421.4844565280399,420.79820461842894,444.73701291065277,440.89148,560.562122054994,-19.407011111714564,-23.25255638261283,0.6862519096109748,0.4154509901297412,0.17999255074802906,0.7264859259787185,30.41500237012487,
2024-07-15,182,425.47608277774776,424.05250262035116,432.805493478178,436.42316,563.7437763266511,-10.947094472391266,-7.329410700430246,1.4235801573965576,0.3564946289665391,0.21944067168786272,0.6904527197827349,29.500023066153517,
2024-07-16,180,423.6165742099285,422.6432531303002,439.37777874435363,435.25864,562.4997875351704,-11.642065798574023,-15.761204534425108,0.9733210796283351,0.4124843945068664,0.21363920099875158,0.7097821166945828,64.90997984188252,
2024-07-17,179,260.6896519030772,247.8616062103037,253.08044699148317,250.43729,384.5369331532029,10.25237450811117,7.6092049115940394,12.828045692773504,0.3900571213357604,0.34247693176825056,0.40402423281368266,129.68998676073372,
2024-07-18,179,403.38669779239086,402.53220799590287,406.59999883406476,413.22983,535.74041041582,-9.84313200380882,-3.2133010416738728,0.8544897964879787,0.31501475111417987,0.26291507124474295,0.6915685178181312,42.17498559518981,
2024-07-19,180,412.7432224472364,412.3656605891056,397.65000013700006,408.45856,553.0496104081471,4.284668873416053,15.09322231023635,0.3775618581308259,0.21622971285892634,0.3534956304619226,0.6472780272364617,40.02999840424036,
2024-07-20,180,417.89104709037474,416.87865943221584,410.0355546178922,420.05,556.1837874061325,-2.1589696598549684,7.855492472482539,1.0123876581589382,0.2730337078651685,0.27837078651685393,0.6624138515856531,37.97003921008798,
2024-07-21,175,315.6188342047589,311.58508079520294,318.4692052658742,322.5819,417.69361733485573,-6.963054844226156,-2.8503710611153275,4.03375340955598,0.34430176565008025,0.22385232744783304,0.6090755036047527,78.38000541129117,
2024-07-22,176,362.82950958033854,360.01663015863267,293.15965783707384,298.19034,480.18181596627625,64.63916582241654,69.66985174326467,2.812879421705888,0.07099080694586313,0.8605400919305414,0.5454533781686967,41.20000014570951,largest_high_bias
2024-07-23,178,416.8927744818705,415.45987007038644,412.46067194105814,419.25137,557.6565922071986,-2.358601110286257,4.432102540812355,1.4329044114840164,0.2622143668728696,0.2730084585279636,0.657353527592809,46.34001284663825,
2024-07-24,177,392.4470530570732,390.329031798294,389.7553657978321,390.28583,514.9687497900701,2.161208324260631,2.691687259241097,2.118021258779165,0.20583380943312382,0.26725068240969974,0.6624036094563156,165.40000716822942,
2024-07-25,176,398.2654122677208,397.56106406585735,398.0931838828199,400.7825,534.2173763947053,-2.517090573144907,0.17222838490094652,0.7043482018634677,0.24275408580183863,0.26698161389172625,0.6701180320233107,36.46001197274961,
2024-07-26,175,400.5249668013198,399.43849754767757,372.74571447023624,377.10336,537.396111763678,23.42160250536033,27.77925233108358,1.0864692536422185,0.13069020866773676,0.4052969502407705,0.6205989626475743,39.250001804010324,
2024-07-27,174,363.49295967457624,359.41381402956,346.4000011246064,332.01755,477.8425139875242,31.47541641075721,17.09295854996988,4.079145645016227,0.16799044298075683,0.28806664083688494,0.6188540403870331,124.65998832735276,
2024-07-28,175,359.6352992646183,351.0681996647801,323.9908570796317,320.12112,469.003259647668,39.51417635398251,35.644442184986595,8.567099599838256,0.09739967897271269,0.4469020866773676,0.5766480840955461,126.38500075617145,
2024-07-29,176,218.1183744486506,203.51354676222599,216.19090913057798,235.76515,318.3746818576289,-17.64678937200965,1.9274653180726113,14.60482768642462,0.4740168539325843,0.3236082737487232,0.40598670342429116,227.96999542876674,
2024-07-30,175,399.44720252922605,396.96259969711303,400.2382875959796,404.64017,501.6463373014054,-5.192981296948024,-0.7910850667536079,2.4846028321129934,0.2225682182985554,0.20956661316211878,0.6590687524420874,308.62004066760124,
2024-07-31,174,405.20164815430667,402.48115187386674,407.48333160322164,391.417,542.5700476745079,13.784655056979464,-2.2816834489149627,2.720496280439969,0.26737052821903656,0.2367945240862715,0.6581138624199505,55.8399878540433,
2024-08-01,173,400.32297140583825,398.6533935413712,407.2815015271044,405.86322,537.7892208485245,-5.540226224013146,-6.958530121266185,1.669577864467064,0.26131713970253945,0.3009352471260635,0.6712322634768624,38.83502754936416,
2024-08-02,171,367.21254358950415,366.2017080858786,368.68538038140827,369.346,487.5351071299478,-2.1334562341720735,-1.472836791904102,1.010835503625591,0.35537814573887905,0.28329719429660294,0.689078908914711,52.449985022780396,
2024-08-03,170,128.284446871193,114.95529119999094,106.22529443231558,157.37015,232.98907511604432,-29.08570313672809,22.05915243887744,13.329155671202084,0.31252478519497684,0.30237937871777926,0.19460009739679449,63.80000821713254,
2024-08-04,172,382.74589592586597,379.47982042900094,354.1372077359056,367.23563,514.4000194753619,15.51027226645153,28.608688189960382,3.2660754968650467,0.23889469558400836,0.37065586621374447,0.5456348043855627,41.39998930168622,
2024-08-05,171,382.06597893114326,379.74475604391586,379.1087717443842,380.39685,509.5887885941141,1.6691446273821837,2.9572071867590437,2.32122288722741,0.29808134568631317,0.23316249425060778,0.6478953022749452,105.65001130826377,
2024-08-06,170,383.40985546708106,382.08785840553395,378.9529426298119,359.90848,516.693660041339,23.501382424200283,4.4569128372691456,1.321997061547111,0.15836087243886318,0.3004296100462657,0.6630245681194699,37.08003022305345,
2024-08-07,170,385.2297586986247,383.9390354166136,380.55117755915336,368.1115,522.2534150836123,17.11823951058528,4.67858113947136,1.2907232820111163,0.0890284203569068,0.2829477858559154,0.6560546722482232,39.980007927749824,
2024-08-08,170,381.0885959665565,379.6496097783832,383.51647087492773,386.34384,512.0334515215334,-5.25526372281944,-2.427874908371216,1.4389861881732942,0.29709187045604757,0.25551883674818243,0.6632400919409359,61.31999720626626,
2024-08-09,169,358.8277992969434,355.5008040301546,341.9668633268768,351.5493,462.9961668311281,7.278528557021237,16.86093597006658,3.32699526678881,0.21697360547835914,0.26607273452562996,0.6302143601623512,184.22500211081788,
2024-08-10,167,362.28727489361864,360.9412570876811,345.07185514123285,349.17502,490.5140823647176,13.112270616931829,17.215419752385746,1.3460178059375214,0.17065868263473055,0.50874655184014,0.6462689163442144,35.07499539250057,
2024-08-11,166,333.0110841395266,329.2782771980547,332.4024103982504,330.14246,448.38572158106484,2.868631678352873,0.6086737412761923,3.732806941471904,0.2638418843914986,0.35342493569784755,0.5897431686879641,183.739994289346,
2024-08-12,168,367.7115704089935,361.93909798935056,346.6017848777031,318.62347,489.324097552088,49.088080833266886,21.109785531290395,5.772472419642976,0.1771669341894061,0.38048421615837347,0.5748466075885863,173.3099721128783,
2024-08-13,167,378.78140102478557,375.9893295147462,360.32994027838436,358.41342,519.9912444414011,20.367989881488377,18.451460746401207,2.7920715100394036,0.17163425957074616,0.3611653098297787,0.6120743566822863,48.89998342310491,
2024-08-14,167,380.74456512107105,378.6774909807715,373.22335284099387,376.84567,520.763123072059,3.898887705303238,7.5212122800771635,2.0670741402995803,0.2884007266366144,0.28241270268451857,0.6330121125646694,51.9250027562357,
2024-08-15,165,255.72752726032877,245.68037104742095,290.90848503746275,252.1875,353.550628924722,3.540022174065763,-35.180957777133976,10.047156212907849,0.33224378617637046,0.3391556009533538,0.5080144361113057,189.2800236509516,
2024-08-16,165,368.7997160685785,366.8402615920161,364.34727095680176,368.0043,506.1818726439087,0.7953975220521291,4.452445111776739,1.9594544765624133,0.24545454545454545,0.26567926455566904,0.6414570795767235,47.98999058471344,
2024-08-17,165,366.85414429505664,364.88574876265994,368.70666788071196,373.13638,496.9836618523337,-6.282247636534951,-1.8525235856553122,1.9683955323967066,0.3183180115764385,0.2610146407899217,0.6399904135501746,48.20504417870286,
2024-08-18,165,373.66719877945656,371.3474868540511,386.23696821953126,391.69775,513.9379500322752,-18.030555352207386,-12.56976944007468,2.3197119254054446,0.37504256043581885,0.22730677562138235,0.6578835946140867,53.67498756239709,
2024-08-19,164,364.891547691713,363.53379715597487,354.89450904474984,376.8437,485.54794168587125,-11.95212470013194,9.997038646963192,1.3577505357381774,0.272334886270211,0.27216360646752535,0.6110657123712505,139.89999924248607,
2024-08-20,163,354.2985663914516,352.263668631392,356.39816148009714,373.98682,476.3067978901694,-19.688246934371858,-2.0995950886455352,2.0348977600595703,0.3787481905287103,0.23364582615289173,0.6135881629549652,117.37497104257125,
2024-08-21,163,360.222214374257,357.5957565267393,359.90122591551034,360.94025,483.6243157288206,-0.7180287704511654,0.32098845874670756,2.6264578475176923,0.24384779761494452,0.29347901013303923,0.621191815273162,81.59499947641743,
2024-08-22,162,299.0326933934365,292.88799820164286,297.49566504794086,306.7172,429.56331256940706,-7.684494199576201,1.5370283454956117,6.144695191793604,0.29529060896102094,0.3338535164377861,0.5164872968546402,219.90000313998098,
2024-08-23,161,106.7496668208645,92.04231677532937,124.68074446391292,137.40924,227.3492124575557,-30.659577010118443,-17.931077643048425,14.707350045535135,0.42134831460674155,0.29743876055551677,0.26090646717951904,89.03501634987123,
2024-08-24,160,302.56770724095406,293.971153409034,283.7281249295873,311.52765,411.7289292060752,-8.95993167720735,18.839582311366776,8.596553831920028,0.3758426966292135,0.21695926966292137,0.5234698346816004,148.21000852825108,
2024-08-25,160,364.6066464963369,361.9021006173454,363.76437606638757,370.26773,505.84306417630285,-5.661078646499663,0.8422704299493716,2.7045458789914845,0.26875,0.2535814606741573,0.6267336826771498,84.76000153867689,
2024-08-26,160,358.36121359467506,356.6307948422618,358.3262523452312,371.4054,498.5613334777528,-13.044183677434921,0.03496124944384924,1.730418752413243,0.27819522471910113,0.23275983146067417,0.6087996441870928,105.17000686999107,
2024-08-27,159,291.2283160693053,281.30467789901314,300.436476462659,297.29153,432.6006284842138,-6.063221221543708,-9.20816039335371,9.923638170292168,0.25955762843615293,0.30156879372482515,0.5257146307413683,148.26000301115474,
2024-08-28,158,364.1234056793059,362.0910162273087,356.50442953071655,365.014,513.1239287536031,-0.8905941751561587,7.618976148589338,2.0323894519971897,0.21376760062580002,0.29444602474754655,0.5945014588157588,57.260005749235795,
2024-08-29,158,359.79074230922174,358.8827460308241,360.187972488614,369.39514,506.2757824112708,-9.604416642573815,-0.3972301793922639,0.9079962783976446,0.2710496373204381,0.23410610155027733,0.6163280735476108,93.6599891559782,
2024-08-30,157,361.2551373947578,360.3294234199888,360.5095526647905,367.92194,506.6464760637156,-6.666791654885954,0.7455847299673449,0.9257139747689485,0.2501252415372504,0.2535962212839047,0.6166922578671176,91.14999996923211,
2024-08-31,156,361.4097849256717,360.81311766096417,357.3794866933269,368.106,507.4985180764974,-6.6962116952890005,4.030298232344821,0.5966672647075776,0.2590751944684529,0.2517646211466436,0.6132981855517778,66.14998430020376,
2024-09-01,156,350.4837901230233,349.56372259519037,345.2724372770486,356.23096,479.6855287271293,-5.747148883170807,5.211352845974706,0.9200675278328933,0.21942523768366465,0.2772615960818208,0.6087445914745331,61.109980562796,
2024-09-02,155,215.6094653379052,212.5279566673502,193.9451588050488,203.29224,329.65089836898295,12.317228202233391,21.66430653285638,3.081508670555007,0.2777093149691917,0.36962667633200436,0.3803712718429104,201.0749886961591,
2024-09-03,155,328.768828731559,328.2285855545632,320.48645197054464,317.70908,446.00495826508615,11.059765307725437,8.282376761014339,0.5402431769957465,0.22573396158028272,0.2907575208408844,0.5959742355731226,57.19999341948077,
2024-09-04,154,341.24936996632584,340.17915438318795,330.49870179313746,336.38675,481.1408478718788,4.862633513939845,10.75066817318835,1.0702155831378777,0.21873631985991535,0.28454691376039687,0.5913276271773623,86.18002025522948,
2024-09-05,153,333.9972894335884,333.28428351509024,322.0457513702385,317.416,470.6667595434002,16.581321433089137,11.95153806334989,0.7130059184981328,0.1263861349783359,0.4589850921642065,0.597964413512766,39.174999883288166,
2024-09-06,151,319.08460459093385,319.5037688120509,293.00595960578863,293.39667,440.72977859933565,25.6879190474946,26.078644985145207,-0.4191642211170386,0.0911154103727956,0.4434853783763673,0.6030412308427672,47.340010714226764,
2024-09-07,150,288.37196063886086,285.68359953890246,250.11933191980472,254.38536,396.3395593845271,33.98658428400755,38.252628719056126,2.6883610999584198,0.10704119850187266,0.6189138576779026,0.5429604262113571,68.32002570232214,
2024-09-08,148,192.72103623814277,178.09314728628945,187.396621681808,167.63159,331.37253304657077,25.08943603862379,5.324414556334764,14.62788895185332,0.22585788035226234,0.4981020346188886,0.45498507107431824,79.53000893897132,
2024-09-09,151,310.9954874159287,308.17440192243515,298.70397460420645,311.54376,406.46179005829464,-0.5482793826338471,12.291512811722258,2.8210854934935536,0.2726765384329191,0.3285586725202768,0.5755496368502939,103.91001418037199,
2024-09-10,150,275.50270268897214,263.24380795488753,276.75399953319436,267.40494,395.3130418962193,8.097763215502104,-1.2512968442221906,12.258894734084606,0.19662921348314608,0.42932584269662927,0.5092422687013944,322.0599947032577,
2024-09-11,150,129.6762869188686,109.16378655145566,211.4159990257186,186.85242,250.3526231927341,-57.1761312507093,-81.73971210684998,20.512500367412965,0.5706367041198501,0.14797752808988765,0.41513108005126315,97.49998004915903,
2024-09-12,148,188.7162821115674,173.7349823515963,193.01959436820434,181.39421,223.35148912646991,7.3220674008936495,-4.303312256636925,14.98129975997113,0.3078120255086547,0.4339508047373216,0.39038978909721245,112.82001098220165,
2024-09-13,148,311.6815405715559,308.7409760823121,308.76959473309927,311.15298,443.6831080990142,0.5285630050945926,2.911945838456637,2.940564489243804,0.17389158821743092,0.29911934406316426,0.5943090177669719,61.119993686840445,
2024-09-14,148,281.5728777643998,280.05973722478626,237.767568465502,258.43558,364.5101286535766,23.137301592911417,43.80530929889779,1.5131405396135271,0.23739750986942,0.37663225022775587,0.46540235717957085,137.89001388858213,
2024-09-15,147,117.33848599891881,104.28817427665199,168.63605477796486,170.97012,259.1460121649495,-53.631630517440996,-51.297568779046046,13.050311722266835,0.6611251242069862,0.15955820530459375,0.3759608861743187,92.42498010930785,
2024-09-16,146,189.3483426305529,172.9609291072782,216.21643815816162,202.05482,339.9199304092475,-12.706475914749381,-26.86809552760869,16.38741352327474,0.3370401723872557,0.22175619516700015,0.4460632323402248,110.99999761218986,
2024-09-17,145,291.838233064783,285.56154538999346,288.15241535398445,268.77335,396.59426141208485,23.06487182584302,3.685817710798559,6.276687674789593,0.21557535838822162,0.2433165439752034,0.566325535650911,137.425014840653,
2024-09-18,145,297.2693278053711,294.2041105764693,302.4634487540668,303.65637,434.41227694520995,-6.387024563345416,-5.194120948695645,3.065217228901797,0.23641999225106547,0.29356838434715227,0.5846575234470697,54.66999017500323,
2024-09-19,145,297.42759503588593,294.04221321529354,292.89792945756136,296.29807,431.0329605919801,1.1295244341266566,4.529665578324634,3.385381820592387,0.16152654010073617,0.3320418442464161,0.5611995153386017,108.42502748669546,
2024-09-20,143,300.7428781327668,299.59204369929284,304.72027813286184,308.2177,440.40275080548014,-7.4748464172536675,-3.977400000095015,1.1508344334739071,0.16425709122338336,0.2616091773395144,0.6009493785929847,42.62500511954227,
2024-09-21,143,266.2749524794884,259.35987398143,262.47622278147753,272.18423,387.13046098689307,-5.909258657923112,3.798729698010834,6.915078498058386,0.2000078573112281,0.29244912390979805,0.5447953954026415,72.34499668292497,
2024-09-22,142,274.9955274387145,271.5053700812056,272.4457744822997,286.97644,393.3491826411603,-11.980912087668836,2.549752956414771,3.4901573575088674,0.3040433612913436,0.2594160468428549,0.5723073593747448,121.10000428593048,
2024-09-23,142,280.95555333835136,279.10930206889,285.4859132838321,296.90952,399.8121703581608,-15.953982788282381,-4.530359945480663,1.8462512694614035,0.30202563696787466,0.23140528564646307,0.5955200196361877,78.89998515990374,
2024-09-24,141,283.7292097904158,280.39571717804205,289.6503540693157,299.88083,415.4695235252743,-16.15161911435161,-5.921144278899895,3.3334926123737443,0.2256355088054825,0.22806598135309586,0.5976223158286819,46.425019168044166,
2024-09-25,140,212.52011985651083,208.4988310488739,218.43428594908033,218.82898,280.37810950492457,-6.308853225622858,-5.91416609256951,4.0212888076369255,0.23170144462279296,0.3603531300160514,0.4373311733228287,108.88000174676395,
2024-09-26,140,279.0503440894187,277.21583804328526,286.8428569804299,290.72842,411.3597075206535,-11.678082847275904,-7.792512891011209,1.834506046133382,0.22532102728731943,0.2559390048154093,0.5856566577085427,66.26000405102202,
2024-09-27,139,283.33714003560783,280.9684948283348,289.0424467584573,289.20624,419.11141981941944,-5.869108350692893,-5.705306722849465,2.368645207273017,0.2758467383396654,0.2694204187212028,0.5786204301624847,37.204997052921875,
2024-09-28,138,272.2767921583592,268.7607594652884,276.03415023447195,277.63327,405.23908907129845,-5.3564704033559645,-3.7573580761127365,3.516032693070778,0.18926070672528905,0.2132388861748901,0.5836535011944564,68.18001055106426,
2024-09-29,138,279.0006698216649,277.65007288797176,276.47318874025194,276.61777,425.0426941232839,2.382895362765893,2.527481081412922,1.3505969336931256,0.14533463605276015,0.2478830809314444,0.5464183324273082,47.059975020807855,
2024-09-30,137,243.74028982537507,239.42468696571615,260.00438021966073,245.06305,383.5203229726008,-1.3227452311637629,-16.26409039428565,4.315602859658917,0.2204953661937177,0.2803247765111129,0.5375410370583081,86.42498687724856,
2024-10-01,137,262.2364409830231,261.2220198681755,264.0722617191502,260.94156,398.93622444081643,1.2948855247593274,-1.8358207361271468,1.0144211148476079,0.19908964159763798,0.2181989666201919,0.5687608032548515,42.22500440198837,
2024-10-02,135,268.150359936776,267.5709330669156,271.1459254195303,268.47406,412.8719204202594,-0.32368916162738093,-2.995565482754272,0.5794268698604018,0.23653766125676237,0.1984186433624636,0.5702586792133473,40.789987393772925,
2024-10-03,135,249.65409624355812,246.2776267649951,235.2304936308648,242.01064,387.4888768951656,7.643456455954799,14.423602612693308,3.3764694785630263,0.188347898460258,0.4031627132750728,0.5192962968790973,51.18665777499077,
2024-10-04,135,113.19748691066548,108.74907566629074,117.76934895244709,121.98328,182.76074585643912,-8.78579088350137,-4.571862041781614,4.448411244374735,0.23662089055347482,0.2287973366625052,0.3522050039359817,44.201285565298875,
2024-10-05,133,250.87101353895395,249.38742842239546,239.35753470850958,241.28647,393.1067997651107,9.584545642585683,11.513478830444356,1.4835851165585052,0.10602348568049337,0.3051871251161612,0.5415278644041908,32.4600089878193,
2024-10-06,133,254.7332459605278,253.47446242647064,237.1677931742819,236.5121,395.7649265230199,18.221152459544346,17.56545278624586,1.2587835340571583,0.125707527245079,0.41678634789220237,0.5335218681204588,30.92498098249725,
2024-10-07,132,252.66711618660977,251.27694096958095,238.03705353806671,236.6212,392.0298137299007,16.04591520604762,14.630062648543046,1.3901752170288202,0.13453353762342526,0.42845590738849165,0.5473478718688993,31.29999445202884,
2024-10-08,132,238.87579753622413,236.2575398147332,219.68255665334902,219.11829,352.4785573417873,19.757520105689764,19.1932408828751,2.618257721490932,0.08588695948246511,0.3755958461014641,0.5296534753658555,77.84023848260767,
2024-10-09,131,127.27508432492046,112.09251292743755,157.24509310249056,154.5921,242.43160522935813,-27.31701355444566,-29.970008777570108,15.182571397482894,0.5682305515052749,0.13787631872373274,0.4098334107690185,44.87000349963763,
2024-10-10,130,231.58195599844822,228.39603375104758,216.21403348148255,210.85362,356.0397301541219,20.728334394555826,15.367922516965685,3.1859222474006508,0.1531114952463267,0.38517718236819365,0.5025841336983901,32.90895676629315,
2024-10-11,130,168.900632457779,161.30413324305644,170.2283825280826,160.11244,263.88687858252996,8.78818535369176,-1.3277500703035943,7.59649921472256,0.340838375108038,0.1752808988764045,0.42480551153421403,90.08152659940494,
2024-10-12,130,229.18212494494824,228.18279711833367,208.8349399115747,212.55217,361.11783342038746,16.629968852377853,20.347185033373545,0.9993278266145633,0.11940363007778738,0.4186257562662057,0.5155097622137803,37.11997075323886,
2024-10-13,128,232.33939439291134,231.1766789937392,206.4006153964375,213.52428,366.8418245684016,18.81512095266953,25.938778996473832,1.162715399172157,0.11490519662921349,0.49675210674157305,0.5012713974574581,30.54092834720847,
2024-10-14,128,223.70615844614804,222.16732990986202,200.92306675815016,204.50131,351.07175961227335,19.204840598627925,22.78309168799787,1.5388285362860188,0.09458391853932585,0.4516766151685393,0.5149818328209221,36.60600128745754,
2024-10-15,127,166.3852541517085,157.9800906414826,176.08827841235475,179.86658,266.3428864028783,-13.481314177118888,-9.703024260646261,8.40516351022589,0.36485888702114483,0.25838273024860653,0.4575855058478558,74.94559639901127,
2024-10-16,126,133.5972008002656,123.09699908159082,150.94647229560533,142.33473,226.94917903208875,-8.737535331220855,-17.349271495339746,10.500201718674766,0.282147315855181,0.24393615123952203,0.4008702432943715,106.89655268704261,
2024-10-17,126,213.9613924663928,211.73179564282063,193.95633434382597,201.61746,342.7349588049899,12.34392701195819,20.005058122566812,2.2295968235721664,0.15939896557874084,0.3673087212413055,0.4946176687639857,95.32002353095858,
2024-10-18,125,153.73948083603383,147.99661189842223,153.9872606068566,164.3012,240.4128330282779,-10.561705925822258,-0.24777977082280153,5.74286893761158,0.3529438202247191,0.21761797752808987,0.39450745439529417,48.040010112047526,
2024-10-19,125,143.81459357863665,136.5654382391274,149.4063850456381,149.12593,221.28339368283682,-5.311337720572949,-5.591791467001471,7.249155339509249,0.31887640449438204,0.2231011235955056,0.3959572418928146,77.98167168321756,
2024-10-20,124,172.26542331332402,167.32781020846338,163.41431355005602,162.9513,253.4939095897177,9.314126005155906,8.85110976326799,4.937613104860628,0.29417361362812616,0.3287876042044219,0.4387270584702492,100.4700042047411,
2024-10-21,123,137.11589195833702,133.77851203405032,135.31501084885153,140.54106,214.0998110044526,-3.42517130294951,1.8008811094854884,3.337379924286672,0.2336713254772997,0.3023659450077647,0.3560629649224078,80.95500606450429,
2024-10-22,123,200.2216845451574,199.1631324661941,171.94082227552556,180.31354,335.6065376667885,19.908155604227773,28.280862269631854,1.0585520789632952,0.13638439755184067,0.5177217502512104,0.4527552973448746,30.79303654866932,
2024-10-23,122,119.03603431045032,107.8361124437852,132.50580837621953,125.80309,239.62660276811286,-6.76705934180588,-13.469774065769226,11.199921866665122,0.3178301713022656,0.29098360655737704,0.3714281877533334,53.36982919435104,
2024-10-24,121,193.62300766006973,192.75190265439758,164.7279402668032,170.59491,326.9082508138037,23.0280917459283,28.895067393266544,0.8711050056721553,0.17647878168817904,0.54341164453524,0.4594442284057948,32.10450224026056,
2024-10-25,121,176.0355762563461,173.1868200755932,160.2535466155972,163.9912,281.8947287563678,12.044365602583925,15.782029640748918,2.8487561807529,0.23307642306620854,0.44303092209118766,0.456775481420115,52.50631870520992,
2024-10-26,121,188.02469601648406,186.885599861214,161.04642740743643,160.01534,308.9039833562405,28.009356417316052,26.978268609047642,1.139096155270072,0.16928219890426224,0.48272820131859967,0.4692687084359571,39.98501566690556,
2024-10-27,119,130.6055201379692,125.17949752684902,130.5432664043368,135.62943,203.30828533838888,-5.023902558729429,0.062253733632388016,5.4260226111201675,0.278916060806345,0.2696157114531206,0.3799461175163253,75.01500000014246,
2024-10-28,119,124.63399861727943,115.65033345800988,136.93277774062352,139.10507,219.79081317090112,-14.47107340019791,-12.298779123344094,8.983665159269542,0.367104145028798,0.25583042205646306,0.4195681945616458,39.448923445685246,
2024-10-29,119,180.6104356476239,179.25256047591944,149.9958301902759,151.86127,305.5542339790637,28.749169010575077,30.614605457347963,1.3578751717044526,0.059248418468511,0.5447549806439429,0.43700130872365806,20.045012382948606,
2024-10-30,117,78.16662570235566,72.72312145546461,111.07209913862006,106.21475,157.30769808009202,-28.048126951369465,-32.9054734362644,5.443504246891054,0.6198021703639681,0.1910112359550562,0.3440469330192631,40.53693519394119,
2024-10-31,117,129.31373979335922,122.0583281728447,125.41912179680244,129.71523,222.72001692767563,-0.4014764438964363,3.8946179965567835,7.255411620514515,0.27052722558340536,0.3147988091808317,0.3747285717827642,53.3002063087672,
2024-11-01,117,49.46856638050487,48.02272135770728,54.74220529178911,44.82304,88.06772918756279,4.645523234358073,-5.273638911284244,1.4458450227975845,0.2533371746854893,0.17689426678190723,0.1813704636361864,15.924997107470404,
2024-11-02,115,161.5274481996246,158.01484186597492,127.97469089182873,149.7173,278.9353872903092,11.810137795883676,33.55275730779588,3.5126063336496767,0.08050806057645334,0.45632633121641425,0.4007293199715407,52.78000092010108,
2024-11-03,115,133.16929352387137,124.02418253512487,113.18212994966746,137.74498,227.6935196367348,-4.575689369699229,19.987163574203933,9.145110988746518,0.14684904738641916,0.36809965803615047,0.34210370221863623,93.86666491667704,
2024-11-04,115,107.73407436738843,104.59691671625427,78.6084463763011,91.2826,172.06036433236181,16.45147137384376,29.125627991087335,3.1371576511341592,0.15207620908646802,0.44352711284807034,0.24852702560956064,61.620005678771044,
2024-11-05,115,153.64688755714374,148.47955514153708,121.89345357783388,145.82924,273.83624873284896,7.817641483959944,31.753433979309868,5.167332415606665,0.09594528578407426,0.46213971665852466,0.3786133595134901,33.83453818098345,
2024-11-06,113,146.88351170191194,143.5680430564469,120.90915692883378,142.37297,281.00083251764386,4.51053156301511,25.974354773078176,3.3154686454650575,0.14527194988565179,0.4983096350800437,0.37868691822596356,45.93952366539498,
2024-11-07,113,143.73968608558707,141.1162705370019,115.8657129465884,136.0848,286.32684527854815,7.654885998341889,27.87397313899865,2.6234155485851574,0.13920652281992643,0.547330217758775,0.37302471697330475,31.101115307585157,
2024-11-08,113,108.581292149174,103.87654620606816,111.0513804670701,129.04126,235.17603430062488,-20.459977305106886,-2.470088317896108,4.704745943105854,0.3207716018693447,0.26086308044148354,0.38601590640249506,38.83999548663745,
2024-11-09,112,50.96120722292523,45.776638249401,65.59017239858154,53.80022,151.52432030371844,-2.8390132442249785,-14.628965175656317,5.18456897352423,0.5882323434991975,0.12921348314606743,0.21795762722779596,4.622777834311137,
2024-11-10,111,43.95535232972454,42.09590915174366,64.16718474665831,61.163967,74.71800277481817,-17.208613198082727,-20.211832416933763,1.8594431779808827,0.4849175017714344,0.19632553902216823,0.21440723951201182,22.462222154010213,
2024-11-11,111,56.13777559069363,50.34959189566943,74.50153109788438,76.74744,134.7434690625832,-20.609663504872238,-18.363755507190753,5.788183695024198,0.6201538617268954,0.28489725680736916,0.25921520671328985,17.66500235430678,
2024-11-12,110,138.33052811128172,133.48027989640832,106.8832259523694,129.79416,251.61276943085338,8.536370588906786,31.447302158912326,4.8502482148734005,0.09422880490296222,0.5233401430030644,0.3614714870398695,62.777599683306896,
2024-11-13,110,42.144706420498814,41.045798767899925,37.108127674759785,29.245426,50.12105088768894,12.89928168061782,5.036578745739032,1.0989076525988903,0.04213483146067416,0.20755873340143002,0.1459661928090182,8.959997934529152,
2024-11-14,109,98.12068435761633,84.32105962433126,96.95434575210054,98.45715,209.90832779941377,-0.3364716399836978,1.166338605515796,13.799624733285073,0.3794454179981445,0.35259251623543963,0.34961276781668355,23.241483430172547,
2024-11-15,109,126.05772965572297,119.07559600332324,105.48082642535691,125.48766,239.45623538863885,0.5700704791677107,20.576903230366046,6.982133652399713,0.23775899391815278,0.40016493145036597,0.3801268639914486,13.248800954528678,
2024-11-16,108,55.08376292311759,48.649438750274754,57.06352882546841,58.32717,154.6638202808151,-3.243406990818955,-1.9797659023508256,6.4343241728428335,0.3815022888056596,0.22175405742821472,0.18467939896853985,11.83000467138744,
2024-11-17,108,44.211372566443906,42.81499145476631,45.21981275057066,28.781313,82.48107080466535,15.430059469408459,-1.0084401841267585,1.3963811116775982,0.025697045359966707,0.22086974615064503,0.16785835999029655,12.409999154221165,
2024-11-18,107,77.45201865298169,64.63016509591976,98.26370471136059,93.07363,192.87657661872697,-15.62161825764402,-20.8116860583789,12.821853557061926,0.50320277223564,0.2689803633308831,0.35339814271325265,9.255993010663587,
2024-11-19,106,58.46526295234853,48.04558026544609,90.10943362796093,95.12796,160.8326402665347,-36.66269741692352,-31.644170675612386,10.419682686902442,0.7401950392198431,0.13064447742209032,0.3262000696839027,23.96001127810377,
2024-11-20,106,50.69863527985114,47.483982902793386,57.58679240507469,52.980244,90.88817076550474,-2.281607053963081,-6.88815712522355,3.2146523770577504,0.4168433326266695,0.31508373966504133,0.20272717180327987,41.179996407796345,
2024-11-21,106,47.465948350797845,44.00287670705397,61.82169797910855,76.554115,101.7693414848704,-29.08816429726639,-14.3557496283107,3.463071643743875,0.5487068051727793,0.21910112359550563,0.25568136678270575,35.90000133477024,
2024-11-22,106,36.258274679792656,35.14498673284532,33.344339663310464,34.31547,53.00293360385631,1.9428016965822228,2.913935016482194,1.1132879469473407,0.15014839940640237,0.5256518973924105,0.13805442357014092,21.960002613698986,
2024-11-23,105,55.18359333979232,47.866086040579134,82.22000038661044,69.96351,129.36846152147902,-14.779916760254475,-27.03640704681811,7.317507299213182,0.4727661851257357,0.26104868913857676,0.31961022317409515,64.30001015072907,
2024-11-24,104,41.46734760207339,40.35411758878483,40.74230767482881,44.250496,82.41844358571824,-2.783149424438866,0.725039927244575,1.1132300132885575,0.35490492653414,0.24897363872082973,0.17354409181727812,10.979995576599721,
2024-11-25,104,62.69614548637317,53.725194691465454,79.74711472296138,71.564224,151.78672056954315,-8.868079421611933,-17.050969236588223,8.970950794907717,0.45224719101123595,0.2819252376836646,0.3280880615974848,42.31999617091913,
2024-11-26,104,95.2103328189741,83.75167906420448,83.287499607041,94.22352,196.0977049658674,0.9868122225340742,11.922833211933092,11.45865375476961,0.3907735522904062,0.4058988764044944,0.3279973567964939,62.6500022215632,
2024-11-27,103,43.149215455121784,42.062320254598426,52.14951447956835,51.336468,107.06371107595092,-8.187253861823708,-9.000299024446573,1.0868952005233579,0.6814115850332716,0.26982655176175413,0.23519800979535557,10.889995076957073,
2024-11-28,103,35.79705951688359,34.81913225519136,32.4951456405475,32.71609,58.85361973331583,3.0809689291472573,3.3019138763360956,0.9779272616922277,0.10614159485109632,0.45860150539980366,0.1417676669735353,7.794995862709378,
2024-11-29,103,40.8687768448325,39.846905849801686,35.650485451974035,33.536663,68.10365276215843,7.3321144952646735,5.218291392858468,1.0218709950308198,0.25313624959092396,0.4538016799389113,0.14163320424776632,13.150003417094661,
2024-11-30,103,38.63474485498754,37.586168125307964,36.61456312495199,34.01232,60.54722696703101,4.622423546008982,2.0201817300355445,1.0485767296795707,0.10319624740918512,0.31733391513035886,0.16174399100461054,12.984997011236473,
2024-12-01,102,43.70467829163752,42.76034810503616,48.64117665615442,45.784214,145.01387133612923,-2.0795337787153674,-4.936498364516904,0.944330186601363,0.6392377175589337,0.31906807666886977,0.21501591655553556,7.299996553948404,
2024-12-02,102,42.422685477736536,41.47206282557226,24.879411659842283,28.981627,137.63192807308025,13.441057156040973,17.54327381789425,0.9506226521642769,0.0,0.7435558493060145,0.10095812405879591,6.799997363392777,
2024-12-03,101,42.8656179647487,41.93470600918673,25.33267318827448,24.9435,186.986943381919,17.92211822051518,17.532944776474217,0.9309119555619684,0.0,0.8015352097007454,0.10020565934995614,3.134997177733826,
2024-12-04,101,42.670958290817126,41.77556291702065,21.105940708316375,18.667452,131.56810780114716,24.00350582238176,21.56501758250075,0.8953953737964725,0.0,0.9953276226499054,0.0859373100286368,2.600001273888199,
2024-12-05,100,42.43458013892174,41.589276251643895,30.875000231751788,22.35415,176.81175635893106,20.080429804325103,11.559579907169953,0.8453038872778416,0.0,0.4803370786516854,0.13092246869578958,4.879999490171777,
2024-12-06,100,31.419134325683117,30.577846312969925,27.011999938149316,26.010725,33.522785961662436,5.408408919274807,4.407134387533804,0.8412880127131939,0.04,0.6488764044943821,0.1273678680881858,4.030000288703285,
2024-12-07,100,32.66748362384737,31.7663002153486,24.995999869837092,23.385086,47.35564281157824,9.282397987693548,7.671483754010276,0.901183408498764,0.0844943820224719,0.64,0.12403088735416531,12.13999784055089,
2024-12-08,100,48.078762314990165,43.30878782853484,59.81000008771771,72.338974,130.122969261257,-24.26021172694862,-11.731237772727546,4.769974486455322,0.5714606741573034,0.2309550561797753,0.27357777282595636,30.790007044582847,
2024-12-09,100,78.01281563416123,63.216301636844875,91.28399943698423,98.21042,219.90322113586453,-20.19759991273284,-13.271183802822996,14.79651399731636,0.3235393258426966,0.40241573033707867,0.3747958841919899,23.289995075348806,
2024-12-10,99,38.55586691878059,37.60066178877546,25.96464662626349,29.190372,40.88644723059372,9.365492949055302,12.591220292517098,0.9552051300051236,0.00039723073430938596,0.7508795823402564,0.1126587362865908,3.2150010495771078,
2024-12-11,99,39.0333452731973,37.99471043456685,27.828282999213943,29.042921,74.44453979704538,9.990423922285888,11.205062273983357,1.0386348386304547,0.04971058903643173,0.6263193735103847,0.12885450065662765,9.695002679205539,
2024-12-12,99,36.76577471866451,35.226329710522684,57.92828290587301,47.676426,94.14315275040086,-10.910652867245554,-21.162508187208502,1.5394450081418258,0.7391896493020089,0.22244921121325614,0.27144431902302635,7.595000818725282,
2024-12-13,99,42.385460964131234,38.84277965053163,62.77272705251013,61.764847,135.8915398811991,-19.37938294619924,-20.387266088378887,3.542681313599601,0.6272273294745205,0.24622630802406084,0.279526669513246,13.12999957270931,
2024-12-14,99,49.218304099609156,43.68258196597147,75.49999982867917,81.36496,143.96361033421857,-32.14666092501144,-26.28169572907002,5.5357221336376785,0.7095675859720804,0.21524231074792874,0.32447713154433955,12.610000282722227,
2024-12-15,98,93.32127843097764,85.23590963713977,101.78775497044892,101.319,211.26962452090333,-7.997721331460135,-8.466476539471268,8.085368793837878,0.3391423985324467,0.3499197431781701,0.42512984786714825,19.319998417444577,
2024-12-16,98,35.482404048649634,34.34699229759221,47.86530594883528,44.74443,77.72859851719778,-9.262025811690457,-12.382901900185647,1.1354117510574204,0.4476610869066728,0.3679202017885806,0.20768197777928138,19.940001284538734,
2024-12-17,98,34.390219235526665,33.54105776730849,27.722448956949336,26.86686,42.67947992739552,7.523360308563831,6.667770278577327,0.8491614682181757,0.04081632653061224,0.6057670259114882,0.1402866239754521,7.559998623024139,
2024-12-18,99,89.18225180184601,82.45004878110356,96.47777791328929,100.59753,188.8636683079529,-11.415279300074385,-7.295526111443286,6.732203020742445,0.3014413800930655,0.4073884916581546,0.4082606577813023,28.85500403730986,
2024-12-19,99,47.42573629823899,39.46631391128205,74.62424285222198,80.01882,133.9370423381187,-32.59308566371299,-27.198506553982998,7.959422386956938,0.7007717625695155,0.09261150834184541,0.3504259226599125,31.06500413068323,
2024-12-20,99,35.216106587964475,33.70433714489142,54.26565656133683,54.98104,91.70019975114161,-19.76493420527138,-19.049549973372354,1.511769443073056,0.7314152763590966,0.12694359323572807,0.277285209057307,11.795000085836563,
2024-12-21,99,36.88897460413099,36.019491059987836,24.44949488296542,26.24569,34.011553911465704,10.643286295761966,12.439479721165576,0.8694835441431614,0.07082056520258767,0.6830098740211099,0.16141790162884828,13.579998883266024,
2024-12-22,99,34.63223628963184,32.75604637900386,39.87979799717781,51.670677,78.32076636980788,-17.038438914249642,-5.247561707545966,1.876189910627977,0.4191351719441607,0.2574055158324821,0.17697947024546487,20.525003919491716,
2024-12-23,99,80.24329003586311,74.31465786409498,71.08989917048643,75.832375,186.46458328542892,4.410917734106381,9.153390865376684,5.928632171768131,0.35262739757121775,0.3792986040177051,0.3132102209510225,30.365000175685726,
2024-12-24,98,34.287779517775895,33.29367965908379,31.550000059647825,31.561613,55.22322130663685,2.7261652342823086,2.737779458128072,0.9940998586921059,0.24575785370327904,0.4284567759688145,0.1467622686557624,7.960001714466667,
2024-12-25,98,37.45535846313044,36.33532759159499,33.04183664836555,33.51022,61.008324325485646,3.9451384523085187,4.413521814764884,1.1200308715354423,0.23606970878238936,0.4728273331804632,0.15325493023407702,7.020003543013984,
2024-12-26,98,44.67841217780904,41.46591498870023,48.83877539475164,52.048294,87.30923055263739,-7.369881972062345,-4.1603632169426055,3.2124971891088143,0.3855193762898418,0.4398647099289154,0.23197071277061287,13.100002597600763,
2024-12-27,99,41.43730324461605,38.80900986560366,41.454545576251526,34.268753,83.81379818304607,7.1685486226671875,-0.017242331635480435,2.6282933790123826,0.21473158551810237,0.35330836454431963,0.17559391019320247,15.260001858034045,
2024-12-28,99,52.55516466257548,47.017173207618974,71.22828293099083,73.77978,125.5209269740826,-21.224610956931354,-18.673118268415347,5.537991454956507,0.6287027579162411,0.22829417773238,0.31005553404490155,22.93000007659857,
2024-12-29,99,41.21340223033019,37.95292902226099,53.10909078487269,54.637203,73.15034114676239,-13.423800025022391,-11.895688554542504,3.2604732080691994,0.44955169674270795,0.20843264101691067,0.2296922030021446,24.92001086682538,
2024-12-30,99,97.96369307939753,92.02394957923227,78.59697027153103,104.46303,197.60456135075887,-6.499331204502871,19.3667228078665,5.939743500165265,0.21144024514811033,0.2690954488707298,0.35844066242376965,39.66999623780973,
2024-12-31,97,44.53897579490524,42.54269528450425,45.312371128280255,55.823086,108.17332685314918,-11.2841104324331,-0.7733953333750154,1.9962805104009884,0.4199582995482451,0.28217305687478283,0.20039426059145288,14.424996992951833,
