pv_name,rmse,mae,r2,gof,n_train,n_val
pv_10,6.4292765266398595,4.840745686423759,0.9613690375208462,95.35130194229765,51554,591
pv_100,6.365492308335456,4.770364101167057,0.9630208322166779,95.44024877287345,51558,591
pv_1001,7.141905766610766,5.402377336973265,0.948576884797362,94.61953113818542,51550,591
pv_1003,7.379926204536387,5.659245720262657,0.9440221227733362,94.38900997620456,51558,591
pv_1005,6.31197670031276,4.776350042432698,0.9595699768991536,95.24263097280243,51555,591
pv_1007,7.051601865236632,5.25422011238266,0.9501709434743921,94.70970673426345,51557,591
pv_1009,6.284612766109449,4.89119232678373,0.9607174219641269,95.30087402877277,51553,591
pv_1011,6.839820240133034,5.146371140887491,0.9530904289084579,94.86811432001836,51559,591
pv_1013,6.899324087233081,5.167318439378755,0.951447624490689,94.77597008042834,51554,591
pv_1015,7.3282676460510565,5.611704995422396,0.9448779102581204,94.42628619329193,51554,591
pv_1017,6.119562629545082,4.774865467302286,0.9615816947950371,95.37663249285498,51554,591
pv_1019,6.036716691756388,4.6457485719905085,0.9653578580765836,95.61231524615847,51555,591
pv_102,6.373014029744263,4.795439024251931,0.9629601378498333,95.43588596154494,51561,591
pv_1021,6.414390428510466,4.996783421741525,0.9578253005941237,95.1501221703711,51556,591
pv_1023,6.975228931278494,5.150080400203086,0.9504351866827956,94.72334801561048,51552,591
pv_1025,7.075065652469949,5.1527661869247545,0.9485631827542266,94.66674784243901,51562,591
pv_1027,6.270869945744933,4.778815554947216,0.9601371963670023,95.28351206977071,51553,591
pv_1029,6.158267532691635,4.830721859282447,0.963183009545499,95.45971276307402,51551,591
pv_1031,6.754965206313578,5.129912487968373,0.9563359013103405,94.99191307178859,51565,591
pv_1033,6.521333348731744,4.8803567236490455,0.958180838713661,95.13672417070241,51551,591
pv_1035,6.534002308906373,5.015818688940074,0.956288435100178,95.04926171368416,51555,591
pv_1037,6.874846887663034,5.081244405735972,0.9518669327056247,94.80494212990027,51552,591
pv_1039,6.495366313010628,4.952763317365533,0.957546664323351,95.11933108597248,51558,591
pv_104,6.3937374726733145,4.7854721726499845,0.9627659306618765,95.42275726062879,51561,591
pv_1041,6.126329604523319,4.760713210122033,0.9617451027649291,95.35235925364537,51568,591
pv_1043,7.5274998227051455,5.736323017690792,0.9417696496142542,94.27588206526796,51557,591
pv_1045,6.474229691212505,4.847685770064642,0.9585369342536922,95.16555936941097,51553,591
pv_1047,6.706749245955072,5.203815891161788,0.953984020226277,94.91445164923023,51554,591
pv_1049,7.257046026338793,5.519706265147769,0.9456262608510039,94.48759908683174,51551,591
pv_1051,6.064042488275229,4.683180592403573,0.9615479659075193,95.32448314226262,51556,590
pv_1053,6.772231150324731,5.112653440565829,0.9536652837380902,94.89081026450047,51550,591
pv_1055,7.00442080361498,5.139582807864432,0.9495420037694808,94.73040042922428,51567,591
pv_1057,7.44978669430135,5.773426306328396,0.9435074073209124,94.31363469889477,51556,591
pv_1059,7.9436966229514105,5.949256356754884,0.9352532794791761,93.96646750819943,51557,591
pv_106,6.456608957021101,4.876389175312571,0.9620668863191444,95.37889277412961,51561,591
pv_1061,6.270099024709871,4.726622671955723,0.9594067303233353,95.21190806871694,51566,590
pv_1063,7.257046026338793,5.519706265147769,0.9456262608510039,94.48759908683174,51551,591
pv_1065,6.618479460313288,4.926130599007388,0.9567801778540338,95.06157627100227,51553,591
pv_1067,6.56033154016912,5.0301762611329455,0.9585819533625177,95.1216336784744,51565,591
pv_1069,7.109465110368094,5.389698364141629,0.9478304249977791,94.60174649138149,51550,591
pv_1071,7.267717022587899,5.439513698773941,0.9467841847151297,94.53543261965794,51550,591
pv_1073,6.855593067568284,5.329759916954639,0.9519048345144905,94.79980218036569,51563,591
pv_1075,7.181081837895864,5.298190780742924,0.9468187220226163,94.56189930350641,51548,591
pv_1077,6.5347440573711015,4.980328753349543,0.9586717594239242,95.17891332123686,51550,591
pv_1079,6.1191244966532095,4.8034711456500885,0.9608535058891726,95.29005668036507,51557,590
pv_108,6.28016016835606,4.756847697845369,0.9641470071510493,95.5066180518969,51564,591
pv_1081,7.227496848507335,5.404595888471846,0.946511992781695,94.51175685007485,51555,591
pv_1083,6.565133042367491,5.09862533461624,0.9557927227695119,95.01581539194403,51560,591
pv_1085,6.393659650169456,4.913642607070065,0.9602454087525252,95.26499568572231,51556,591
pv_1087,7.024852615980043,5.20571156923541,0.9496622878834947,94.68743108268005,51550,591
pv_1089,6.402224975330666,4.9090844300031256,0.958554982808545,95.17243178046263,51552,591
pv_1091,7.692745349624468,5.920881254120325,0.9395954443020503,94.15701540214187,51559,591
pv_1093,5.785388963522332,4.361689187314505,0.9665151033849836,95.66956878900231,51565,591
pv_1095,6.100701548834188,4.626461736308742,0.9621744202462514,95.42283621862698,51556,591
pv_1097,6.842463010103974,5.2971648246100305,0.9519797193277254,94.8075561397768,51558,591
pv_1099,6.478664296876881,4.977871217562261,0.9579742244345715,95.14151145307416,51562,591
pv_110,6.404365276558107,4.830012037330473,0.9631807580889404,95.45613509976123,51564,591
pv_1101,6.260768656596211,4.833468627629143,0.9620488047229143,95.38837805826242,51551,591
pv_1103,7.537527033682005,5.8119842174936664,0.9419676897648219,94.27718630541402,51559,591
pv_1105,6.212198808472137,4.790513461007282,0.9609131742157815,95.31277931520617,51564,591
pv_1107,7.110210178043125,5.375006024167824,0.9489916253150283,94.64107351985285,51550,591
pv_1109,6.246935864817871,4.762654293862292,0.9634969076234515,95.46276820632472,51567,591
pv_1111,6.530711466394031,5.069128970466492,0.9563145255711816,95.04575813897797,51564,591
pv_1113,6.157977499119886,4.787770853224139,0.9612867316205843,95.32805155994528,51568,591
pv_1115,6.671369011157389,5.107411512277655,0.9544652591914219,94.93908015098427,51559,591
pv_1117,6.373890235956635,4.9126922542552665,0.9583665208872147,95.16980055672906,51556,591
pv_1119,6.396976561041162,4.86286266489279,0.9586470366608595,95.1936559316305,51554,591
pv_112,6.535149685876803,4.900611954235587,0.9617009680757035,95.36489477623067,51567,591
pv_1121,6.029812982393575,4.63160882018746,0.9630254779019884,95.4764960312248,51554,591
pv_1123,6.283558462202632,4.680325440779555,0.9610790987911744,95.33619345092029,51562,591
pv_1125,5.68082955452012,4.458102536863079,0.9669654388037706,95.71083142633869,51554,591
pv_1127,6.72777626496749,5.212399806661654,0.9533970170235041,94.89377151052841,51559,591
pv_1129,6.986331942410981,5.32002241698215,0.9529888728388137,94.830547932108,51559,591
pv_1131,7.048713007958842,5.096495887924571,0.948985123385655,94.69232639074792,51560,591
pv_1133,7.003637048679478,5.286020235059225,0.9509162852937655,94.7459467948714,51556,591
pv_1135,6.464577317201497,4.961601449543652,0.9585599180000998,95.16596581167191,51549,591
pv_1137,6.692280331612023,5.117043450947744,0.9544004716955907,94.93213988719386,51553,591
pv_1139,6.962197451963815,5.0444748973563565,0.9499465427547481,94.73472555795747,51561,590
pv_114,7.32527807478491,5.428257392098254,0.9512409404035148,94.7585770425344,51554,591
pv_1141,6.22768697690494,4.741495864379225,0.9634439614208482,95.458185742063,51566,591
pv_1143,7.8574257368877145,5.843513129156858,0.9359582382512183,94.02233459149525,51559,591
pv_1145,6.441865889749357,4.981829732053372,0.9579860454828079,95.14469206581619,51554,591
pv_1147,6.494654213911882,4.929534313301549,0.957659586170204,95.07970560374523,51564,591
pv_1149,6.342665238034454,4.790130254024176,0.959077682503644,95.23359532066308,51554,591
pv_1151,6.313747984224775,4.860241064454497,0.959734279649652,95.23709185603556,51553,591
pv_1153,7.547729508280759,5.802194371183107,0.9413741528143594,94.26528648404137,51555,591
pv_1155,6.179196814833182,4.788939974917171,0.9609930326243077,95.31235224536971,51568,591
pv_1157,6.914128029784935,5.33395720883271,0.9539373251172457,94.87925539980196,51559,591
pv_1159,7.589651576669919,5.805054174716098,0.940742013144505,94.23178393263719,51555,591
pv_116,7.4281426653472336,5.479206896735931,0.9498372469258605,94.68343715710188,51553,591
pv_1161,6.819519143419282,5.285562645142453,0.9523046783531551,94.82359583149704,51558,591
pv_1163,7.8052287674646905,5.7610598278771805,0.9369969683788603,94.07575582179896,51547,591
pv_1165,6.43306433923088,4.92085705514285,0.9589088598404308,95.19026354654123,51552,591
pv_1167,7.420496624969288,5.752024196848247,0.9437027503016033,94.36712669503795,51558,591
pv_1169,6.5351658436211615,4.836857378543331,0.9566612262780064,95.06581341957475,51564,591
pv_1171,7.384247348799209,5.31803299970748,0.9437306117213508,94.39478428154035,51555,590
pv_1173,7.896645050771734,6.079370121972008,0.9368084149963647,93.97888153392411,51557,591
pv_1175,6.304816833953902,4.922499528941769,0.9604151067237654,95.28203835149223,51552,591
pv_1177,7.047565125727406,5.235757171236319,0.9493812769940653,94.64972565037651,51562,591
pv_1179,6.157977499119886,4.787770853224139,0.9612867316205843,95.32805155994528,51568,591
pv_118,7.2315131283460605,5.319572938606017,0.9524577104652068,94.82366251300257,51552,591
pv_1181,7.5305249624784905,5.556805068442059,0.943424418353756,94.36112502779626,51554,591
pv_1183,6.4928352335585915,5.034989942709605,0.9568011601540721,95.07314424653107,51564,591
pv_12,6.37337873096885,4.791321603921061,0.9620247346683667,95.39195736722549,51554,591
pv_120,7.2085512242670715,5.308793215975543,0.9527477101791917,94.83903896239748,51552,591
pv_122,7.1887420355734575,5.340936539576542,0.9529785449543274,94.851254368685,51552,591
pv_124,7.213124125063927,5.379070065326094,0.9526441823753005,94.83248848469006,51552,591
pv_126,7.330421684618761,5.421576721873985,0.9511732210776973,94.7665022829988,51552,591
pv_128,7.109184217133787,5.325316932471674,0.9540430556102111,94.92237597534444,51553,591
pv_130,7.004883930446684,5.225185077408244,0.9553633844805282,94.995570595082,51553,591
pv_132,6.913694339460392,5.148967270344849,0.9564836548281846,95.05863631699964,51553,591
pv_134,6.860433201566555,5.113586157346538,0.9571325676660474,95.09540127018579,51557,591
pv_136,6.876557420448379,5.10440232629905,0.9569201379753933,95.08293360368923,51558,591
pv_138,7.088413856502236,5.307425570411327,0.9541899786314514,94.92937536020519,51559,591
pv_14,6.259441735660067,4.699691328112849,0.9633591775365822,95.47458854410411,51554,591
pv_140,6.670141298392327,5.017177602456105,0.95942042630484,95.22756813956896,51561,591
pv_142,6.445611954372474,4.8589566804007225,0.9624750457048122,95.400378503368,51556,591
pv_144,6.446681789510905,4.835513639950309,0.9624686301243001,95.4000873867726,51557,591
pv_146,6.208472470728273,4.642776110999274,0.9651978707884711,95.57055308158814,51558,591
pv_148,6.378859488942912,4.735353019302065,0.9632822045733092,95.45007042961234,51560,591
pv_150,6.316452336963864,4.706332939254048,0.964004925469932,95.49496485467382,51560,591
pv_152,6.381429309583467,4.765426543218836,0.9632795340483773,95.44938746344243,51561,591
pv_154,6.189884474210256,4.6380913334409195,0.9658691455087225,95.624488600155,51561,591
pv_156,6.165353119097619,4.628747604752555,0.9661635779361785,95.64259591120354,51561,591
pv_158,6.1498026810822255,4.603282583352878,0.9663639414497389,95.65481962845642,51561,591
pv_16,6.417285118369836,4.884377215598441,0.961483633882263,95.3611228794805,51554,591
pv_160,6.48972287350438,4.919515317115687,0.9625911212801934,95.41651041295131,51562,591
pv_162,6.3542546754433085,4.841700039676402,0.964176699470892,95.51365090120919,51564,591
pv_164,6.306574093529343,4.735897055212818,0.9647546904795197,95.5489830072559,51565,591
pv_166,6.547591544354412,4.918081615580318,0.9620657482413686,95.38110358623659,51567,591
pv_168,6.619515713427153,4.964506239467466,0.961268483677102,95.33221077764932,51567,591
pv_170,6.4933192302939515,4.951593565640313,0.9620802554077758,95.37350044752537,51556,591
pv_18,6.412570301115936,4.8790912184053665,0.9615319459522071,95.36482864702512,51554,591
pv_2,6.241870892242059,4.760708505901589,0.9636571812223197,95.48581475820883,51556,591
pv_20,6.239112377427016,4.7083402306295286,0.9635717481988834,95.49026919465105,51554,591
pv_22,6.351842526074327,4.812984690044939,0.9622444065299314,95.40946650161041,51554,591
pv_24,6.261319780621963,4.723198062365027,0.9633080052068996,95.475191480964,51556,591
pv_26,6.1935341663235715,4.700415917802381,0.9640941794058592,95.52447653589628,51556,591
pv_28,6.193776593649247,4.705092986412662,0.9640885132226245,95.52458559227487,51556,591
pv_30,6.396598718344982,4.790630449397511,0.9621118480434507,95.39006537692572,51555,591
pv_32,6.418376539322813,4.810028739984063,0.96185469097273,95.37520042298074,51555,591
pv_34,6.365706076428943,4.760927727960692,0.9624785430026386,95.41373182485052,51555,591
pv_36,6.217443061655673,4.644343369111998,0.9642070093487703,95.52110898708285,51555,591
pv_38,6.19890199836488,4.636880625193898,0.9644301189946429,95.53548968396484,51555,591
pv_4,6.304106287505222,4.796584337118717,0.962908295912122,95.44090056807568,51556,591
pv_40,6.275411269514974,4.718861819076054,0.9635501972546419,95.48096055029754,51555,591
pv_42,6.299322475215787,4.751506995940974,0.9632700349095034,95.46404867441247,51555,591
pv_44,6.176653870706446,4.6508137402982275,0.9647009675672505,95.55340558434192,51556,591
pv_46,6.168414967078469,4.618032173969217,0.9648016696725363,95.55989233462387,51556,591
pv_48,6.201863637240359,4.7131430399518734,0.9644262161880846,95.53636217710533,51557,591
pv_50,6.173345409860825,4.678840973094837,0.9647635694400319,95.55760414622245,51557,591
pv_52,6.210175383284052,4.7561683926848595,0.9643499339799851,95.53158670186474,51557,591
pv_54,6.153411871301452,4.688417009899862,0.965016947152025,95.57334884883018,51557,591
pv_56,6.199204479434837,4.726188267786087,0.9645009271172464,95.54078290282406,51557,591
pv_58,6.330648421035097,4.733268415213842,0.9631105049447806,95.44556567628153,51555,591
pv_6,6.347411129967014,4.817471204994092,0.962380442552277,95.410007675144,51556,591
pv_60,6.341371521449739,4.7522307457940025,0.9629669952876626,95.4362124485175,51555,591
pv_62,6.360456703637771,4.770318402469461,0.96273293875478,95.421306091955,51555,591
pv_64,6.428168162899042,4.794659205180942,0.9619182420317949,95.37089391112947,51555,591
pv_66,7.230119631641053,5.330893001780292,0.951805641105425,94.791814419321,51555,591
pv_68,7.2548238929229125,5.346851644885117,0.9514555477033544,94.77233234681259,51555,591
pv_70,7.186218966028046,5.302676620515673,0.952334401494935,94.81924180989668,51555,591
pv_72,7.2981001323560815,5.390713506491252,0.9508143259364757,94.73665704641552,51557,591
pv_74,7.076096638160336,5.305334658166882,0.9537426968000706,94.8950337026153,51558,591
pv_76,7.0682538976902745,5.315463790716052,0.9538067582965672,94.89862965981109,51558,591
pv_78,6.97506195319271,5.234329458577983,0.9549931656029148,94.96544718489568,51558,591
pv_8,6.347599655466218,4.813084646888997,0.9623614334520317,95.41004455583804,51555,591
pv_80,6.691971212388912,5.0256902516977435,0.9585528543087654,95.16953492023954,51561,591
pv_82,6.667919207961596,5.000077589369062,0.9589093704619247,95.2034334069268,51561,591
pv_84,6.91970656549517,5.283401357740315,0.9557352691321754,95.02252492715502,51565,591
pv_86,6.360224940186808,4.8126211219511665,0.962957645960707,95.43739264794182,51555,591
pv_88,6.372157345143425,4.81661390585746,0.962837210879271,95.43008632300948,51555,591
pv_90,6.339303493545384,4.784668892688558,0.963229295971138,95.45435046686586,51555,591
pv_92,6.342658416964367,4.7494062665069565,0.9631955343801121,95.4523657413854,51555,591
pv_94,6.174217098885502,4.615145473084878,0.9651481293048377,95.57439033366991,51556,591
pv_96,6.220445100643057,4.662895188228733,0.9646406185403245,95.54201768902355,51557,591
pv_98,6.355339156265241,4.783269489033371,0.9631218897831455,95.44679162272467,51558,591
pvfarm1,7.016744567998034,5.36864856915829,0.9494627355756391,94.66804215935811,51556,591
