pv_name,temperature,pressure,windspeed,dewpoint,ghi_global,hour_sin,hour_cos,doy_sin,doy_cos,ghi_neighbor_1,ghi_neighbor_2,ghi_neighbor_3
pv_10,0.005819807315950433,0.002377397281074476,0.0031451615243738183,0.0041527470856218916,0.21164645818643354,0.01725458123724295,0.0058235558799289615,0.004529107904478384,0.007310086855624076,0.2923638234874765,0.23021960810649733,0.21535766513529764
pv_100,0.005658413905836445,0.002313834479522458,0.0030824769720881806,0.003957496672392149,0.21420815585158487,0.01681067615099721,0.0056593236055636435,0.004520257761590133,0.006966452519542194,0.2884311433358942,0.22830255735471297,0.2200892113902757
pv_1001,0.004756520903381582,0.0024347834575570025,0.0030474986511718626,0.004138369585872454,0.150888227481095,0.018264018255920375,0.0056286855218955064,0.004890530107858822,0.006609949130954288,0.19892277384192042,0.22006791100175804,0.38035073206061476
pv_1003,0.003312786393765318,0.0017915208264343515,0.0019469900751010493,0.00274764600734339,0.0854892832083811,0.017969486781399063,0.0045057419516267285,0.004411637743312938,0.005912476219512676,0.6702742154356166,0.09759133882364757,0.1040468765338593
pv_1005,0.003174269193696845,0.0015981129827260293,0.0019589525833910875,0.002499584973562929,0.037236475108494316,0.015540389701091032,0.003798576142093589,0.0030214463246803973,0.004729170249114017,0.04398508320734994,0.8449984306955218,0.03745950883827804
pv_1007,0.004761553361003412,0.002468341088053369,0.002953497499694919,0.004252963274284211,0.20770323472350197,0.017447551185006186,0.005403647334788923,0.004711516472993506,0.006168733741240391,0.2931093414968382,0.23573168488878038,0.2152879349338146
pv_1009,0.003291708160235014,0.001614351950229426,0.002024179433765963,0.0025641266250408835,0.038069432421962694,0.015918177248286133,0.004069718572131338,0.002979376113197778,0.004836179500236503,0.03262090607178061,0.8449530238253096,0.047058820077824096
pv_1011,0.004684296737364899,0.0024267389691243492,0.0029701238679925696,0.004186717591411192,0.21198103986627145,0.017289115912404934,0.005288229414180244,0.004667595198676899,0.006012126550967128,0.28993822510695405,0.23515753970768383,0.21539825107696856
pv_1013,0.003000663176949797,0.0016776565816026378,0.0020194176388478365,0.0025139295406288917,0.06446781578906773,0.018349351269687484,0.004135757595319933,0.003288711560781489,0.005321304705580611,0.03209110419708915,0.7405855609778969,0.1225487269665476
pv_1015,0.003398061100424592,0.0017699837270624063,0.001968069810808704,0.002776311384097194,0.18753756428484553,0.017606108326192138,0.004593046292089604,0.0049694643036582616,0.006020498681001512,0.2636142727270942,0.24664036682528204,0.25910625253744385
pv_1017,0.003053225058547113,0.0012792190951066609,0.0015460490118307112,0.002054401577391173,0.06220449939338796,0.016462901509267096,0.0036992392507170487,0.0029277817836497206,0.004618894092149614,0.8841795280772161,0.008979533970127457,0.008994727180609358
pv_1019,0.003771291776164519,0.0016748432636936542,0.0023340693337532098,0.0026652057699477322,0.077371382863034,0.01706446630943746,0.004314120921010631,0.0029608392196433684,0.005702912593166909,0.3466453947790773,0.2968928465423296,0.2386026266287416
pv_102,0.005735659901685996,0.0022516421159249614,0.003137185745208157,0.0038821490572958383,0.21097162755617585,0.0168526960788361,0.005672711796399753,0.004486649654816533,0.006894123700250931,0.2929266347312335,0.22803156394988433,0.2191573557122882
pv_1021,0.004321094356376027,0.0020233761488181517,0.002354290192880284,0.002996329602246912,0.12731821652908565,0.01759915275336317,0.004458331917225623,0.003690478490489559,0.005683204494247025,0.1353278617048462,0.5945250880129735,0.09970257579744794
pv_1023,0.005986687503319892,0.0024464498135850334,0.003159605925968012,0.00467907947747112,0.21089338462561,0.01928701245697259,0.0058810117812158925,0.004910896417621558,0.00783822901299071,0.289938885965751,0.23199696240501186,0.21298179461448227
pv_1025,0.0057879794222889264,0.0021908524161826336,0.0026898564224498334,0.003913792862535491,0.20932758581117325,0.017005629255739507,0.005172462824007744,0.004551561845238722,0.006075502222934054,0.2926797996276405,0.23136828719059577,0.21923669009921343
pv_1027,0.003931224646775101,0.0017131380743536382,0.002182124636199413,0.0027144608325328804,0.4980137983806653,0.015548335471350245,0.004008841843835353,0.003235631382080835,0.005088854664413414,0.020003609215201182,0.02398114090823255,0.4195788399443601
pv_1029,0.00351579670556176,0.001678853060566335,0.0021296825869496997,0.002600858083755901,0.014182573694459983,0.017279957157236344,0.004216718501063141,0.0031426707433578295,0.005588589154723995,0.01187243114359124,0.9189442514175955,0.014847617751138352
pv_1031,0.005157946108458112,0.0022103627907648507,0.0032832089863067734,0.003853649453380161,0.2088658899622486,0.01787702164333215,0.005444017360918184,0.004581569524956626,0.006947223871250313,0.28966022651477014,0.23626743273884449,0.21585145104476966
pv_1033,0.0024239120497560186,0.001274336457583119,0.0016037168678684464,0.0019462155746726127,0.0177318273512021,0.0162033689346576,0.0036273480288350197,0.0026363921606483843,0.004317399534320825,0.01908962239724215,0.0501892844204023,0.8789565762228113
pv_1035,0.003841556701075881,0.0021036728724717767,0.002405076556163264,0.002922572211921754,0.02311945662876979,0.01858571687300177,0.004611025927958679,0.0036868990639364317,0.005506512940911101,0.8712514529900016,0.0232664539930562,0.038699603240731656
pv_1037,0.005919861923611814,0.0024265929654889475,0.003009370802891097,0.004609308383111287,0.21051626304784818,0.019039801104428655,0.00573965304748773,0.00486594763879662,0.007669584866604193,0.29424192916332037,0.2255010066440979,0.21646068041231328
pv_1039,0.004594810274066134,0.0023471330612296077,0.002857244151496705,0.003741600782112041,0.2143480470848524,0.01686573540298825,0.005310652034369894,0.004397257439995635,0.00617408581817489,0.29117335334178696,0.23476039675640192,0.21342968385252553
pv_104,0.005666821166159877,0.002258318357689859,0.0030919360904654255,0.003835649022536177,0.2104624847321752,0.016938906155715607,0.005601124729595552,0.004464560242537727,0.006944373682983985,0.2976162687999503,0.23077038603483546,0.21234917098535483
pv_1041,0.004289955997411655,0.0021139149478947637,0.0026450972443622894,0.003539148798244941,0.2104035590026842,0.018753459597301868,0.005357962616535009,0.004709866411384932,0.006298670432233125,0.2921020382516513,0.23581117813430313,0.21397514856599262
pv_1043,0.0033607798584230734,0.0018050783096454468,0.0019525882002175698,0.002813981088444697,0.20681337175600775,0.017905767529160236,0.004456422341701178,0.004665325871308328,0.005987483647571723,0.29945892719049566,0.21794232327826546,0.23283795092875897
pv_1045,0.0030071422933452448,0.001518583484411622,0.0018915388683843504,0.0025246214261899495,0.4167303054462647,0.016099831061541545,0.003976642322698477,0.002966862933235846,0.00469524089350144,0.46050605037624676,0.045101263327479504,0.04098191756670043
pv_1047,0.002946176722278657,0.0016280974201481248,0.002080958519135517,0.0025647720638390828,0.050643800900326136,0.018209013944194913,0.0042688163530556706,0.003656067651788023,0.005045693661498085,0.017165386027107696,0.022517999394374266,0.8692732173422538
pv_1049,0.005017178420519795,0.0022997154049007864,0.003011987185352343,0.0040886994759685115,0.2114347647287069,0.018963932874935852,0.0060188742394294715,0.005578256277760058,0.007433215313211226,0.28988818905320773,0.2318792901682406,0.21438589685776677
pv_1051,0.0022233797793676656,0.0010873818494474914,0.0013098545479075063,0.0017282374502964565,0.9291610542818352,0.017250619845683893,0.003377732366748773,0.002493005981888678,0.00446865784670113,0.010573105418549153,0.012510746395895988,0.013816224235678092
pv_1053,0.004790057390807553,0.002429662062261104,0.0029468643718603004,0.0041022498311957655,0.3821650251669836,0.018356285508825836,0.005560717827789861,0.004866710951162572,0.006597834602649681,0.21756008536543778,0.18059586786935075,0.17002863905167537
pv_1055,0.005733285090926259,0.002199137557068526,0.0026398254873397503,0.003895552715500158,0.21176811275695273,0.017010963247612365,0.0050541599389363175,0.004608799907551151,0.006023815421988283,0.29652240001458074,0.2311052148142546,0.21343873304728908
pv_1057,0.0029789660063649745,0.001454122400910947,0.001661731735989234,0.0023651940059040053,0.6797721370776392,0.016612032514773296,0.004107406462746722,0.004334777038669008,0.00575090854106793,0.21842287068887467,0.046166907928756246,0.016372945598303854
pv_1059,0.005218735743092744,0.002488886547315211,0.003217230212539761,0.0046288358844241515,0.21212388224985257,0.019000135020039128,0.006262192789057649,0.005665092942650116,0.008081127030365313,0.29064089927183917,0.22820082045528747,0.2144721618535369
pv_106,0.005614306563733593,0.002216292246381753,0.0030046515328972278,0.003887841569998895,0.2129007983129293,0.017073484285660325,0.005571492555012248,0.004445477096490117,0.006903534701812682,0.2920795752764718,0.23238326163067635,0.2139192842279355
pv_1061,0.0037610868232805144,0.0016538218056909495,0.0018013629336357338,0.0027070813739845977,0.9360185458909356,0.017725903947469843,0.004464057827125507,0.003252097317645355,0.005417444615703253,0.006443949263066833,0.010628709244471027,0.006125938956990937
pv_1063,0.005017178420519795,0.0022997154049007864,0.003011987185352343,0.0040886994759685115,0.2114347647287069,0.018963932874935852,0.0060188742394294715,0.005578256277760058,0.007433215313211226,0.28988818905320773,0.2318792901682406,0.21438589685776677
pv_1065,0.002995710529185189,0.001523653637722237,0.001833187226954133,0.0024930822392891607,0.4297238230502415,0.01603077715814955,0.004032528605799689,0.002940764746413408,0.004725434189400771,0.46356640832469814,0.0332282014191863,0.036906428872960036
pv_1067,0.004919095624052974,0.002130388123360402,0.0030475221238370244,0.0035714962670504676,0.21363450076231474,0.017819289668753988,0.005369709761532633,0.004688198054383344,0.006833237970374375,0.29365099718539145,0.23043117651173686,0.2139043879472116
pv_1069,0.005042562915644641,0.0023498108004663234,0.0030299725558941017,0.004136465935016131,0.2092606760281668,0.018992106244627577,0.006004105685845843,0.0056884403175108825,0.007445892558358257,0.29209832720416856,0.23034084272797473,0.21561079702632618
pv_1071,0.004739512702537304,0.002441406386543481,0.002908085123923245,0.004056933118849372,0.1518205286383297,0.018261943060827276,0.005392692178887238,0.004611321912879305,0.0063750345288321065,0.16329927780662792,0.2186007289965426,0.4174925355452204
pv_1073,0.0024902193570730574,0.0012811838489700043,0.001554282895387586,0.0019005870709711632,0.4427525601651846,0.017490995911712295,0.004042493847914154,0.0032376054006534984,0.004945305141473374,0.4751752631812662,0.03816538933057628,0.006964113848817637
pv_1075,0.0034774151437391206,0.001631301091690463,0.002146740844979291,0.002403101088288708,0.7443431779030492,0.01855180298919759,0.004211769488832975,0.0034521081572107867,0.00623340015674538,0.0860431903148426,0.06408593829297,0.06342005452845408
pv_1077,0.003510184310386738,0.0015911001604864499,0.0021855632985937476,0.002621025671793045,0.4105247237511703,0.017020484537412554,0.00420981210947929,0.0030640525988456673,0.0054476625488585175,0.014420107054151796,0.5167470914863863,0.018658192472435588
pv_1079,0.002671120983558665,0.0012205076437567203,0.0013509095259023308,0.0020461800094783832,0.45922652492381655,0.017528180716578624,0.0037162190662543577,0.0026231758505422245,0.004619327553538448,0.18112014583270203,0.15500275888494933,0.16887494900892233
pv_108,0.00555711361520205,0.002234294196563278,0.0030045349185291335,0.0038537600981843083,0.20736721066512315,0.017089338204055664,0.005516350360249178,0.004462676161536795,0.006901898403500051,0.2949299106499727,0.23392212952923752,0.2151607831978461
pv_1081,0.0027585759416781275,0.001503180742380495,0.0018972806442435347,0.0022922949056587805,0.39883959133646985,0.018046347113013794,0.004255921506937703,0.0036363737238294894,0.0051298306195249,0.46551947605661104,0.029342858048558962,0.0667782693610933
pv_1083,0.005270407698853325,0.002326861843617767,0.0029987004693029927,0.004003676756173263,0.21057124718211895,0.018488042077123946,0.005810027619162477,0.004841901522962969,0.006808560408307975,0.2942445268153843,0.22535366894045566,0.21928237866653644
pv_1085,0.0034491110364777166,0.0015359901877260197,0.002090461588428854,0.002597567061399968,0.17949884716458164,0.01709468455853464,0.004179373646267039,0.003096610743624662,0.005500600433433428,0.1997619533757396,0.01988534692129678,0.5613094532824897
pv_1087,0.005987514284723679,0.002527240343519347,0.003074870116411714,0.004690721905101592,0.21312328934020763,0.019301413818379905,0.005838764834926709,0.004816484368467797,0.007836527912955917,0.2923825060346769,0.22768975067737038,0.21273091636325847
pv_1089,0.003069120819165122,0.0017019958372988086,0.0020052864150654987,0.0025861001115466587,0.3256939285223073,0.01724615686498907,0.0040308059962371676,0.0033183611431205793,0.005360267292652149,0.029506848014676387,0.3232025996022622,0.28227852938067916
pv_1091,0.005009511619570004,0.0022826938134513975,0.002869128870261981,0.004332972135716115,0.2126818460813165,0.01825992011679293,0.006044292329787458,0.005612357734634138,0.007785256168377022,0.2896200523371492,0.2302466901084197,0.2152552786845236
pv_1093,0.002884411136542574,0.0014813058267635522,0.0018221733947479607,0.0022010273661651094,0.09681635334478508,0.013408073839951035,0.0036862277047424756,0.0028627767483967734,0.004322435732945872,0.1215209890436237,0.13955221400268591,0.60944201185865
pv_1095,0.0033125711970535395,0.001394002510844037,0.0016371080135399738,0.002071101989492241,0.042568042734710564,0.015441791282423421,0.0034463636353009933,0.0028804583180364342,0.004576672386531414,0.03540851369282023,0.16965377544863772,0.7176095987906095
pv_1097,0.0053993599618762595,0.0024996231643368287,0.0030439070867198394,0.004106280965573706,0.20840425020580355,0.01825364771142534,0.005821314080787564,0.004789160679914181,0.006795978406911078,0.29349355483669093,0.23263164149454502,0.21476128140541567
pv_1099,0.0040502198533180775,0.002095533188645677,0.0026541208827228838,0.0035722601791608514,0.21210547321640463,0.017147890888930737,0.005046493125637857,0.004448706808243834,0.005910995727452975,0.29668950012305056,0.2300627110093893,0.2162160949970425
pv_110,0.0052136856090939186,0.0023737333881660673,0.003246122224538745,0.003964926110835031,0.2180662789707144,0.01752637542571857,0.005618836326141605,0.004661697026282467,0.007188819265709151,0.288972070256436,0.22741489071107984,0.2157525646852842
pv_1101,0.003480667294378736,0.0016893525500110242,0.002110525029550951,0.002576354101664337,0.018965731918329124,0.017284618634123672,0.004185377905654008,0.003100590830087957,0.005601191995841477,0.015667548083032515,0.8980571516454409,0.02728089001188524
pv_1103,0.005015063152784356,0.0022826660009658373,0.0028481628022722547,0.004308197349473068,0.20741088035542316,0.0181458445776975,0.006084646379912978,0.005544461197667923,0.0078657370915173,0.29279543217417087,0.22912653665062216,0.21857237226749276
pv_1105,0.0029615919972696297,0.001633423554849539,0.002043198988538034,0.002381433417614044,0.2459511504816601,0.017674212426197083,0.004042359446531437,0.003355697284445845,0.005247134028770878,0.3417001090276991,0.36032255232053173,0.012687137025892543
pv_1107,0.004803789408678297,0.0024500700454516467,0.003016534724373729,0.004141709457477024,0.17930678755307267,0.018393799059144875,0.005525364326344862,0.004875573850237004,0.006617112448838568,0.21122759599437743,0.38077713402485536,0.17886452910714862
pv_1109,0.005302875602700427,0.002260377396446355,0.00294163895948641,0.0038039818948678496,0.2082358622007455,0.018074328164787445,0.00548610218783275,0.004455946584300932,0.007320128203792257,0.29360938706238415,0.22858061688415274,0.21992875485850324
pv_1111,0.004406037906947181,0.0022002469618370136,0.0027989446582182553,0.0036184109631706624,0.21130624993705815,0.018573257993177345,0.005479184844947444,0.004785036442082514,0.0064072540002283315,0.29220253030886734,0.23536569916522218,0.21285714681824353
pv_1113,0.00436142238320806,0.0021454492784347386,0.0027123271188493575,0.0035395623724423664,0.20491671248178783,0.018742286538905837,0.0053846396289157624,0.00475929889367245,0.006321038361506535,0.29931086964651715,0.23394064049618837,0.21386575279957165
pv_1115,0.0022680271586333024,0.0013176320553746732,0.0015497471850156122,0.0019697945131254098,0.09976201187226605,0.01779051891939767,0.003907233485512537,0.0031844286305898234,0.00466749571996925,0.09304019652700353,0.029808029165497314,0.740734884767615
pv_1117,0.0037493428819473386,0.0021291066624532207,0.002379699189430491,0.002825953864576673,0.3143311735181675,0.01842404817315855,0.004595075021068184,0.0037945092307974317,0.005493372421383048,0.06370144908789857,0.3070517346000745,0.2715245353490446
pv_1119,0.003976771617305979,0.0017412152687137491,0.002153579732982492,0.0026750445176082134,0.016922998517114405,0.015299118673632406,0.003984716903345405,0.0032927218069889407,0.004951322315435108,0.9161450357078387,0.011975570746763562,0.0168819041922711
pv_112,0.005088694593191702,0.002335445984298033,0.0033124176514425395,0.003906833307148608,0.2120139836185531,0.017538359213874387,0.0056526027831922685,0.004718911249813058,0.007153582968637734,0.2957382509336232,0.22463704181018723,0.21790387588603813
pv_1121,0.003249767395844656,0.0014471078360563327,0.0015690105025130256,0.0019134196466772367,0.014127105925153424,0.015386246621610733,0.0033387874124116055,0.002957513871366162,0.004472720845287136,0.011546509293245117,0.7550128680761443,0.18497894257369035
pv_1123,0.0024810170646556444,0.0012628243959939389,0.0014506012917058157,0.0018747630524932613,0.9125432881932978,0.012938326986015542,0.0033392077222423005,0.0023151940848649306,0.004038759040199711,0.013940837452404953,0.018114995161949275,0.025700185554176958
pv_1125,0.0027173103000444625,0.0011770726556194567,0.001342028244764064,0.0016838356460203872,0.8731265963332594,0.01580838944855105,0.003359098371120321,0.002667050055342875,0.004136756242836045,0.03973293175882884,0.011736544660133044,0.04251238628348014
pv_1127,0.004558938145336199,0.002307175244939389,0.0030095848121156218,0.0038341498996174003,0.209371390462798,0.018711481516387192,0.005536617581703882,0.004808946929029571,0.006503582994470369,0.2944893262050708,0.23047954160600137,0.21638926460253038
pv_1129,0.0054253023054276735,0.0023362503330386962,0.003424967152242755,0.004080307682628957,0.21111814486544772,0.01773129544236209,0.005590575387980804,0.004524772635461046,0.0070730625777230514,0.2919105651891264,0.22696611620767146,0.2198186402208893
pv_1131,0.00592713178073208,0.00245952942265856,0.002844923377733376,0.004182433145953445,0.21158399646705786,0.017364893387519734,0.0053118352640133416,0.004959062304555659,0.006139466219532622,0.2948076633102511,0.23156858297109092,0.21285048234890133
pv_1133,0.004271061594306686,0.002221824300726105,0.0028261492708116587,0.0037964794834855617,0.21772890807780262,0.017201014866804896,0.005154084653450236,0.004578653847374077,0.005979778424834104,0.2920433095946135,0.23170460175465055,0.21249413413113993
pv_1135,0.0029414076578464544,0.0015239707690877175,0.0019528583061205573,0.002398268199591537,0.13698022431255769,0.017067239407525962,0.003877063313374856,0.0029833225438351627,0.005027407557891523,0.21461741315122343,0.4462218747174643,0.16440895006348086
pv_1137,0.002959095814386031,0.0017495036971273289,0.002036735378045943,0.0025589688503501393,0.48092998768663403,0.01824947339524334,0.00416757784720097,0.0032645187360822573,0.005270577971326553,0.0559691398158858,0.05400248272619064,0.368841938081527
pv_1139,0.005295004310139143,0.0023408014656379913,0.002882430766486743,0.004113513826797743,0.7012489432818296,0.017803311553332094,0.005383643724257327,0.004584680981597209,0.006379644743430541,0.08048689886403727,0.09774876424099373,0.07173236224146053
pv_114,0.005052575125258494,0.002207861898474616,0.002829305958121396,0.003438270587012673,0.15413413154060632,0.01595086761518086,0.005180049486565965,0.004133406597507459,0.006344479121722252,0.1436148832662577,0.34435857797334846,0.31275559082994386
pv_1141,0.005775582394635884,0.0023555151121028325,0.003059518767079528,0.004168926346754014,0.21199211688499883,0.01819267361653371,0.0058480852526189165,0.004815260709883487,0.007505194664394211,0.29048099974906977,0.23405320464495538,0.2117529218569735
pv_1143,0.00364059852491909,0.0018620433082591336,0.002238916171711685,0.002929041973199807,0.29841833082949515,0.018542933734787603,0.00471909627737808,0.004196530134441778,0.006267900987322451,0.3557591134203821,0.024334211933360456,0.2770912827047427
pv_1145,0.0030661430068917197,0.0016908609975974935,0.002005230874568786,0.002514986014993824,0.2432767072418413,0.01727154171784151,0.004043317218461183,0.0033256259792747247,0.005246949510971639,0.3408967071706045,0.3595307593769205,0.017131170890032837
pv_1147,0.004390853564978338,0.0022409702799853774,0.0029992154365712973,0.0035616043244808314,0.20990445664372487,0.017618756043389004,0.005255012153954085,0.00471028003173958,0.006177535763809544,0.2937142096218699,0.23017039648437607,0.2192567096511212
pv_1149,0.0037543217061711586,0.0017152246022509906,0.0019548116489581744,0.0024595671711407766,0.377743622318046,0.015672741921099877,0.0037335771704470546,0.0033007259460993187,0.004860219461267567,0.02264842660697202,0.026801925190727733,0.5353548362568193
pv_1151,0.0030892415673603006,0.0016949404734552323,0.0019963295194922247,0.0025843324854413307,0.0260541026847669,0.017119977618241647,0.004062380018666512,0.0033832702107319482,0.005259790338073878,0.8660286976365593,0.033939020331206556,0.03478791711600426
pv_1153,0.004804988164632246,0.002459287107489119,0.0030934464376998773,0.004303222156872637,0.21055838647507344,0.019361402508088953,0.005986460394896195,0.006334240904148199,0.00722768281655087,0.29001777172226756,0.2302206906699968,0.21563242064228408
pv_1155,0.004394669688877573,0.0021658275430558173,0.0027071222317749076,0.003573722475948961,0.2104894428597774,0.018710757246918654,0.005349180458359738,0.0046984000853426,0.006378172824145834,0.2891822232402645,0.2317731355284733,0.22057734581706076
pv_1157,0.005382587275648947,0.0023648416812754886,0.0035237418305137103,0.004106976824521373,0.21015376441558506,0.017628980810182278,0.005517161388161148,0.0044707477208694255,0.007022749501241008,0.28912341480600384,0.23314538055799827,0.21755965318799944
pv_1159,0.004847570770943066,0.0024704145897230722,0.0031265446716073368,0.004301116714868916,0.20805810674446673,0.019329192673571485,0.005990372652565516,0.006287648397671858,0.007300268617529312,0.2953448185090799,0.22922586572877018,0.21371807992920264
pv_116,0.005034966886995976,0.002217537210700042,0.002782879376102203,0.0034878494139356842,0.15157347343570898,0.016054417254172716,0.005231731407201995,0.004171823602910035,0.006195513819710481,0.36554322461048316,0.1342115062973331,0.30349507668474573
pv_1161,0.005383487963447288,0.0024404208561899553,0.003015268884718517,0.004089304720321877,0.2094462759289073,0.018335422464513862,0.005771569154251284,0.004753790895744536,0.0068407309616159775,0.29432626433388864,0.23030890687894456,0.21528855695745622
pv_1163,0.005988718847832198,0.0027834224383272315,0.0033813200931288997,0.004895466592363513,0.206196248705982,0.0200174198269994,0.006142182894860227,0.005963795439539424,0.007833285908311468,0.29292510857059817,0.23130611117537925,0.21256691950667805
pv_1165,0.0029897637346464005,0.001542126009343182,0.0019314553343159774,0.0025795073721198696,0.03524306834525822,0.016369316365609794,0.0040321894222916325,0.003048600660464208,0.004735007917380809,0.027681551891676367,0.8589014360055951,0.04094597694129847
pv_1167,0.005028823388331325,0.0022652620863309585,0.0028505388990918102,0.004308573387609891,0.21277011972553436,0.018243814473960424,0.006014542902125745,0.005631618488461203,0.007903927286480674,0.2868856068194659,0.2305870705968968,0.21751010194571102
pv_1169,0.0057099424602238096,0.0023927838291737634,0.003006341547338982,0.004264760377304446,0.20955102550967372,0.0189071663848577,0.0055609165790140415,0.004733251265975612,0.0074309522710393735,0.290129791347262,0.23030891449289498,0.2180041539352415
pv_1171,0.006064154394894192,0.002390209923638029,0.0028757225938194674,0.00424407031370998,0.21119257719198664,0.01791683395466914,0.005269689247844112,0.004760216958768654,0.006446965050787969,0.28992459673629667,0.2303996421295518,0.2185153215040334
pv_1173,0.003013143532589242,0.0014370692790608393,0.0016816045089268685,0.002389550737740333,0.3550003435612294,0.01653510148081728,0.004202182656302197,0.004648961539743472,0.00596648735342659,0.5355358205137435,0.039029374799320365,0.030560360037099988
pv_1175,0.002997491992562921,0.0015219046518125559,0.0018657959475590804,0.002532728149118512,0.03506262922619198,0.016235957400809933,0.004047503851329,0.002988552744981289,0.00476643398411891,0.03662492636234741,0.04851432581639394,0.8428417498727745
pv_1177,0.004307446265418666,0.0021260563097578755,0.002685658669385715,0.003366152167841554,0.4329646163876881,0.0186513536678429,0.005488535511413517,0.005363934538305769,0.00607858983078257,0.4710809642077048,0.0311924359347198,0.016694256509138836
pv_1179,0.00436142238320806,0.0021454492784347386,0.0027123271188493575,0.0035395623724423664,0.20491671248178783,0.018742286538905837,0.0053846396289157624,0.00475929889367245,0.006321038361506535,0.29931086964651715,0.23394064049618837,0.21386575279957165
pv_118,0.0051075468854575165,0.002173122865771291,0.0028321565980192094,0.0034778120646522625,0.16576148928873638,0.01594383052969085,0.005247454181479541,0.004159465159159132,0.0062183870278125115,0.28641833546869205,0.2875624141838524,0.21509798574667688
pv_1181,0.0048424431971980835,0.0025716005574791066,0.003126246406133558,0.004691387252505861,0.21007832917843555,0.017376329861284644,0.0054853717000134476,0.0048534499335145705,0.006118478047938014,0.29143085443098155,0.23227534715233145,0.2171501622821842
pv_1183,0.004426425297231502,0.002210548845653391,0.002817737474857862,0.003637172440221232,0.21484638467394432,0.018663255599273045,0.005402245056598659,0.004790165229769413,0.0064200974244579415,0.2894726273216915,0.23181244869855291,0.2155008919377484
pv_12,0.005810665778379367,0.002397430111873094,0.003182704765712369,0.004181179885464854,0.2083824246957106,0.017257114134832482,0.005821478104674018,0.00449234317060899,0.007319214777903206,0.2888895314681122,0.23415915448955807,0.21810675861717085
pv_120,0.005079252898966435,0.0021698462175706746,0.0028514726107831917,0.003472992822328218,0.1312205550213511,0.01596924117597406,0.005204417679997789,0.004166816115800715,0.006200554155728212,0.2686370504759065,0.26755360828531344,0.28747419254027967
pv_122,0.005160100280501627,0.002189484448187893,0.0028957942601971504,0.003481004805724104,0.211204308054441,0.016034734075611335,0.00528493289312925,0.004172186104546242,0.006226533371711641,0.285773997102663,0.23529484046392082,0.22228208413936612
pv_124,0.005159589474994859,0.002178974910514167,0.0028810854860471915,0.003511165101560764,0.21322957373850662,0.016055257823774007,0.005227677202046563,0.004185196652398927,0.0062297126060177396,0.2936547496285585,0.2289793487117295,0.21870766866385116
pv_126,0.0059587577001261076,0.0022205645627924853,0.0030185085542003363,0.0036768763463200967,0.21205415573434833,0.0159084907148428,0.0055759247767581555,0.00423340493406705,0.006548927467015086,0.2923729466764736,0.2297497363588354,0.2186817061742205
pv_128,0.005905650731128664,0.0021840222072949575,0.0030648619826037626,0.0037024464654039245,0.21227680748763128,0.01593521231562858,0.005526953116159545,0.004281478286537162,0.006527765698862311,0.29353972912642023,0.2321110444581906,0.21494402812413893
pv_130,0.005930479520213431,0.0021748511172948147,0.003050803688472598,0.003683323004813804,0.20929412887491539,0.015844371607962218,0.00558590159595217,0.00426340720997243,0.006548591559163168,0.29248275683690544,0.23437709455600989,0.2167642904283248
pv_132,0.005881521999429804,0.0021893639034686867,0.0030533148365981893,0.003624353758844675,0.21189363224056743,0.015991549960066125,0.005458558858185521,0.004287450545840666,0.006543921568160809,0.2881733637366443,0.23300112520424276,0.21990184338795102
pv_134,0.0058723132218848105,0.002167094289938453,0.0030894444727468115,0.0036097935593696127,0.21028989246429722,0.016029329090372503,0.005460645292518551,0.00418457943524757,0.006512879098681747,0.2935242791745172,0.2319043464023563,0.2173554034980693
pv_136,0.005929725965177743,0.0022030037870513276,0.00301001144556976,0.003566982242507277,0.2165093571993279,0.01598929870517655,0.005444405875641338,0.004194361001402108,0.006514886132528994,0.2917053884315741,0.2341098991398532,0.2108226800741897
pv_138,0.005908981561375721,0.002149049726317471,0.0030199286015705758,0.0035566277984072797,0.21352383649054132,0.01596014783768624,0.00541451064026302,0.004268909599617322,0.00650912530175411,0.29394082641744307,0.2299050626954295,0.21584299332959436
pv_14,0.0057999129305667,0.0024288723714815377,0.003155234535968969,0.004176148979109881,0.21220503202014165,0.017244218741898593,0.005834338161691031,0.004514212869536992,0.007306734335651751,0.28872215215335606,0.23172064641919854,0.21689249648139824
pv_140,0.0058847933534783734,0.0021501152332950913,0.003041445494783248,0.0035974846332829827,0.20811779064883718,0.01594854554806961,0.005403750401081337,0.004197718153714321,0.006507398444328095,0.2953229664222879,0.23350628594532907,0.2163217057215128
pv_142,0.0061372899086632625,0.0023374479022970304,0.0032249635596243087,0.003968959399319194,0.20886209538057535,0.01604469509457834,0.0059139516721405634,0.004480815973827124,0.007003020915615789,0.28996062118957616,0.23423549597683757,0.21783064302694527
pv_144,0.006047384044494669,0.0023289430881588183,0.003225400441992225,0.003973674661192771,0.20993880036159646,0.016125855438915933,0.005863091542328648,0.004509706626528072,0.00696114886861441,0.2919284039703598,0.2300283296545948,0.21906926130122337
pv_146,0.005977400511471672,0.0022532021865029183,0.0031704985070784676,0.004017849052404419,0.21222147094124466,0.016253988491286054,0.0058415611955488726,0.004435553477384927,0.00695655104507991,0.2942901988290597,0.22850741973767122,0.2160743060252672
pv_148,0.005906088316939148,0.0023037970814894014,0.003118538171733862,0.004006622468541674,0.21214914338231822,0.016304426395234745,0.005783336482760842,0.004452783826049765,0.00688150292276281,0.2896237338115346,0.23468018154348136,0.21478984559715358
pv_150,0.005880669437977856,0.0022839358675231674,0.0031131555085617602,0.003968779617589056,0.2090499693605625,0.016347015941105384,0.005804990618134768,0.0044752496391627875,0.006844001517463905,0.29080782554175255,0.23177376195324023,0.2196506449969261
pv_152,0.005804632931014085,0.0022599099120684148,0.0031228686012722616,0.003950377910819995,0.20714940870789564,0.016429788550306645,0.005741270838458721,0.004421713064859412,0.0068873240868794795,0.29230690263259784,0.2347407229005076,0.21718507986331986
pv_154,0.005521437381347833,0.0023839988462778902,0.0034789626153181527,0.004119426235837306,0.20748820247363345,0.016871194236365388,0.005834511678769081,0.004718151037156453,0.0071172512364609366,0.2915409529308308,0.23409611847034564,0.21682979285765708
pv_156,0.005417917649791549,0.0023369056732836894,0.003452257883803862,0.0041056748223226225,0.2094945806508785,0.016930991162429968,0.005793127224215958,0.004685142696440365,0.007150341369270867,0.2914395444621899,0.23299373585468117,0.21619978055069167
pv_158,0.0053837525503373585,0.002315344489725683,0.0034269248805133042,0.0040413706685339355,0.21268677009055603,0.017039823519103096,0.005768661660609513,0.004667663741840525,0.007102686264066143,0.28827219512254304,0.2333483811134416,0.21594642589872975
pv_16,0.005563355331013655,0.002349323946031104,0.0031027335232050647,0.0041209545228555544,0.0269102792223781,0.01714859782421925,0.00571077456154005,0.004471416853569061,0.007236405971554438,0.04870648181362639,0.053202022946559326,0.821477653483448
pv_160,0.005270362230587471,0.002340638719367218,0.0033076079109542315,0.00405131282099169,0.21217251464546205,0.0171799774308027,0.0057129899935198245,0.00463975651704837,0.0071126768454327395,0.2907457676159044,0.22945326288954684,0.2180131323803824
pv_162,0.005231288775392139,0.002316631998879034,0.003237890594681525,0.003964370990848913,0.21069027116938635,0.017143953244205746,0.005747881952653363,0.004842092822551907,0.007010716393987042,0.29313662338034374,0.2319579157633458,0.21472036291372448
pv_164,0.005217108245086194,0.0023343393282110048,0.0032709997875718113,0.0038886113780870774,0.20838055660661686,0.017209120323956065,0.005688818238975992,0.004666744439838743,0.0070495485485286,0.29216890463616,0.23433853457360448,0.21578671389336299
pv_166,0.005088306468643559,0.002307399372285418,0.003312360540043487,0.0038620471543735664,0.20938375633633632,0.01736311719518437,0.00563886203611331,0.004669050437979366,0.007013588473816946,0.2920393542341123,0.23200127642119964,0.21732088132991179
pv_168,0.005063030751448697,0.0023477477699647355,0.0032420267735197776,0.003858974895257399,0.20940385838470119,0.017410332369013706,0.005595020411694824,0.00470304207026633,0.007031742716173338,0.2905398244129924,0.23234644151141487,0.21845795793355258
pv_170,0.0035251866485456083,0.0015903353186952414,0.0019059435551418789,0.0023175612778215567,0.9371864567415434,0.015285710207043177,0.004077435609221496,0.00307706935907549,0.00513552708038765,0.007672637473749434,0.007905839643341446,0.010320297085433661
pv_18,0.005587751401840765,0.0023292101532541324,0.003118191273635789,0.004084660939252802,0.039570568286412054,0.017164316640589795,0.005730192271854772,0.0044517935390456275,0.007208811443557515,0.03849330514675661,0.8216877699254332,0.05057342897836695
pv_2,0.0057408006284645355,0.0023485137754787775,0.00316282575820606,0.004110850593771502,0.2132899116631387,0.017327787512325093,0.005752915427968979,0.004504584940979046,0.007247677547482235,0.2923669266414404,0.22895399935051375,0.21519320616023074
pv_20,0.005617390976350934,0.002314521424713721,0.003083375217645219,0.004084646961861209,0.37039256340362375,0.01715943628892046,0.005711451659676753,0.004474423748374891,0.007213587554383059,0.05002776539220806,0.4524389206818658,0.07748191669037614
pv_22,0.005744339910216493,0.0023465328400957526,0.0031706326212602803,0.004159773284663029,0.21378486863830246,0.017276754965747577,0.005815094593887711,0.0045042184174550115,0.007313785734385241,0.28869245129401616,0.23729886644011014,0.2098926812598602
pv_24,0.005714883567354604,0.0023824812411071725,0.0032006608313479086,0.004196723117019876,0.21005855230061202,0.017270866380010796,0.005787327854913954,0.004484722589113444,0.007331609896870342,0.2922585370059532,0.23224689243358967,0.21506674278210702
pv_26,0.005701887416877972,0.0023564006384017315,0.0031782946317417122,0.004226430947536947,0.2113880374614748,0.01737528012488373,0.00573829219148494,0.004494911690775156,0.007301810735700953,0.29326215145269674,0.22975132997277847,0.21522517273564698
pv_28,0.005697883684072761,0.002369526202274501,0.00320473770363668,0.004207831338826377,0.20942383613888563,0.017296268362244297,0.005794067401443988,0.0044768741513330264,0.007312260254863855,0.2967091599199,0.2295262768908809,0.21398127795163813
pv_30,0.005668168322445301,0.0022969717012833474,0.003151670896844433,0.0040164261599196106,0.029668144392045948,0.01679978665647261,0.0057207702782891,0.004462360212226381,0.00714574555323341,0.051852750688228,0.03883707542058919,0.8303801297184227
pv_32,0.005698840219240892,0.002263908402201206,0.003120716413023017,0.004032499176434512,0.028632441827156258,0.016817840547747234,0.005696705679520161,0.004441857625940923,0.0071502617423732226,0.04685600088983301,0.04376132077652439,0.8315276067000051
pv_34,0.005677516402894733,0.0023121121433451633,0.003127100836388608,0.004022084788450438,0.058813475041861046,0.016770615069424892,0.005714458444996016,0.00445882541475385,0.007149192082246856,0.46565089043342045,0.059878597853328296,0.36642513148888967
pv_36,0.005659704275585117,0.0022891231137202716,0.0031195880963230224,0.004039810764518763,0.36778201085401635,0.016780929408991077,0.005689654565581253,0.004462822141041622,0.00712603454078937,0.05984352415655976,0.4643624724973722,0.058844325585501005
pv_38,0.005748567838568281,0.002313696450614641,0.0032045479468894578,0.00413129882272394,0.20834583379931154,0.01694230132700673,0.0057973669246503155,0.004490047622300878,0.007221244830650075,0.2960222657823136,0.2326154261650351,0.21316740248993551
pv_4,0.005763066468512421,0.0023752919825800515,0.0031455907562653105,0.004127303986402084,0.20821854132101986,0.017325378215573298,0.005771668160353159,0.004502868014522313,0.007270375260659492,0.2875987736296988,0.23375555134783016,0.22014559085658306
pv_40,0.005736470469910946,0.0022983195848715965,0.0031844581981394994,0.004133483190768968,0.2089359260063385,0.016922477004859056,0.005848002410997992,0.00450429972843224,0.007202303050029269,0.2933721026941154,0.23208837227138568,0.2157737853901509
pv_42,0.005724759359197625,0.0023297839622569284,0.0031830889218651855,0.004140603401742247,0.21147566101583795,0.016974447186588824,0.005749175073418087,0.004520761946033245,0.007174332365138952,0.2906834868239853,0.23395526642755535,0.21408863351638024
pv_44,0.005759234580281839,0.0023457540453830712,0.0031825242217333864,0.004112923763952237,0.21005667861430857,0.01693552450801619,0.005729412578945869,0.004481758312038742,0.0072025027453231855,0.2887840525934062,0.2345029304810606,0.21690670355555
pv_46,0.005705550468304708,0.002302097958253737,0.0031430924524251556,0.004123604196397723,0.20917451145396643,0.01696553289239563,0.005778012830159964,0.00451702559890229,0.007176545100682782,0.2908507501645346,0.22666227926461668,0.22360099761936028
pv_48,0.005689789564435995,0.0022555978234627383,0.003147091002349294,0.004149591308875964,0.20909841912211555,0.017074463230087863,0.005671645399739406,0.00451811285738943,0.007202313409024984,0.29195170410761234,0.22902896750678256,0.22021230466812378
pv_50,0.005620774905435491,0.0022790956318669694,0.003145370887162096,0.00413819876541143,0.21237098027325532,0.01712499636158138,0.0056655815605763495,0.00446215959890089,0.007182164855588507,0.28857242774633846,0.22794083791774744,0.22149741149613567
pv_52,0.005597441339201673,0.002259277137056652,0.003154290322318128,0.004131547697564473,0.20729521007484888,0.017146019229952417,0.005625312810082802,0.004491854964307514,0.00721487464259546,0.2926547965839365,0.23749849470725182,0.2129308804908837
pv_54,0.005566070534151644,0.002283761609567254,0.003131449359548529,0.004080380202328008,0.21174271803959538,0.017214302027614772,0.005605651624609929,0.004509931312217958,0.007151633569125695,0.2919543022774369,0.23013418550691114,0.21662561393689286
pv_56,0.005577505490946829,0.002274871435039454,0.0031005517179019297,0.0040793589439200445,0.21028123669573046,0.017197647083011695,0.005587651275612801,0.004479101727594281,0.007175554557915416,0.2906443686074398,0.23209757966553135,0.2175045727993559
pv_58,0.0036484155962326365,0.001628798397958471,0.001934213707560376,0.0023839919219603802,0.010325768298854622,0.01598906384164063,0.004081685708797892,0.0031125183386434816,0.005272912493552124,0.008354975706492856,0.012403059456319976,0.9308645965319866
pv_6,0.005804772479220365,0.002402024098981805,0.0031552015520432434,0.00413981126924028,0.212118836778693,0.017296222207008903,0.005794577111677172,0.004489925490894712,0.007281087474592033,0.28670485255489825,0.23200400347340022,0.21880868550935006
pv_60,0.0036483645945408713,0.0016083323907006364,0.0019230932033857942,0.002385079558184035,0.008883935457781995,0.015956348281314158,0.004122621416722359,0.0030978405417662024,0.005250331026973061,0.008787987258520286,0.011783424899647395,0.9325526413704632
pv_62,0.0036704027358102093,0.0016051668764260505,0.0019347587025514501,0.002387132661545512,0.00948524176405772,0.01596636649472363,0.004083146542936585,0.003076793234579766,0.005253871184379247,0.009674936211470265,0.9328903662592939,0.009971817332225717
pv_64,0.0036642281940730877,0.0016554350724479468,0.001921997662004059,0.0023898317073117637,0.3004460131840206,0.015913063705718888,0.004129767098896141,0.0030854861108091315,0.005256429663238166,0.35451399064225775,0.026988974106903613,0.2800347828523189
pv_66,0.005160166473956651,0.002224470057213203,0.002857308331580816,0.0035965733173657093,0.2094160521697014,0.016563785695014696,0.005232263072423692,0.004197774027111224,0.006395442796646414,0.2944020199507268,0.23097472168353947,0.21897942242471985
pv_68,0.005140384641331377,0.0022281391922831305,0.0028506388530561144,0.003602091205103135,0.2171188294800282,0.016541679757335916,0.0051908090190087705,0.004213714071711916,0.00638313827272774,0.290058836023169,0.2298915341708494,0.21678020531339545
pv_70,0.005137394720479536,0.0021946858365034525,0.0028302960509591158,0.0036058595243853376,0.21012083758669545,0.01652439548035176,0.005217490440676931,0.004190586136955442,0.006394509044803998,0.290936684146416,0.23453218283419358,0.21831507819757937
pv_72,0.005079781879489344,0.0021823949716558017,0.0029338039809569155,0.003536030032609152,0.21183207143747398,0.016538345622513387,0.005121411508997372,0.004175559837029633,0.006424740003408874,0.2958137681714314,0.22881078594643386,0.2175513066080003
pv_74,0.005095691413410478,0.002144802726311116,0.002856862753463778,0.0034815784426200577,0.21076174288932756,0.016468121529410254,0.005261441208302738,0.00416345117344006,0.006419288208027714,0.2946485279658102,0.23201323075097097,0.2166852609389051
pv_76,0.005083963487253972,0.0021307601311111157,0.0028249476991553295,0.003447392091241726,0.21273597020006982,0.016566218017080275,0.0051516908889279855,0.004183702918762071,0.0063960707550105925,0.2928301855103935,0.23154377110505575,0.21710532719593797
pv_78,0.005024314051788857,0.002139855069180802,0.0028164574263156343,0.003439752464888887,0.2110531614624756,0.016538003807866665,0.005151829034786628,0.0041959402754178695,0.006370025067339271,0.2954803044342732,0.23080988807321254,0.21698046883245414
pv_8,0.0058037074899909115,0.0023984755375182185,0.0031737070410652666,0.004175216502205092,0.20884115825138544,0.017253696324281476,0.005771046977926969,0.004512378096904171,0.007297899983562217,0.29253851762286115,0.23238416771296033,0.2158500284593387
pv_80,0.004985715691300504,0.0021205800374313314,0.0028012196102876535,0.0034432975583488508,0.21472742544419618,0.016533800915730097,0.005099796899545579,0.004190667447396895,0.0063407051741626455,0.28703725794271157,0.23060744502790326,0.22211208825098536
pv_82,0.0055865739309922495,0.002149415876248155,0.0030147537852390246,0.003582477816646393,0.20892004400395775,0.016466175343850666,0.0054261464153592225,0.004239627185837103,0.006661423495890677,0.29331172644558956,0.23540722496182812,0.21523441073856112
pv_84,0.005622536732122793,0.0021390843950428065,0.003040457720179586,0.003524576267212092,0.2170132837774414,0.016646563061600547,0.005237841240255707,0.00419849111882965,0.006675308318698506,0.2927117033520973,0.22660593230842072,0.21658422170809893
pv_86,0.005970803775925821,0.0023166939052581873,0.003204710910059623,0.004053979874824031,0.20678593889453312,0.016535948502516804,0.005836019125276489,0.004435371593976378,0.007060833627875881,0.2934737703900224,0.23455914709706419,0.2157667823026671
pv_88,0.00594281544766122,0.0023029981496217487,0.0032009599453816824,0.004032255979070509,0.20792447040200052,0.01657143819907156,0.005825384678975714,0.004451363888205122,0.0070235351343983145,0.29224715603654283,0.23457044534002183,0.21590717679904894
pv_90,0.005928195206650562,0.002313192245686458,0.0032030624981761297,0.004006274323170361,0.20888153306508422,0.01655032584793292,0.005817651073805636,0.004447679917672321,0.007055102620747981,0.2910128880258984,0.23229893811155833,0.21848515706361657
pv_92,0.005755053026248272,0.0023102211836121176,0.003222987972506772,0.004097543287053234,0.21397480259157542,0.0166097925664061,0.005828377470548834,0.00442871229646048,0.007074535928461097,0.2881089214629704,0.23378566070303022,0.21480339151112707
pv_94,0.005760785192145507,0.0023444198255656626,0.0031172051115787138,0.004048469363977621,0.2056961808494614,0.016666393740273292,0.005758874241900116,0.004483837388402714,0.007041649082773469,0.2922767532398382,0.23261484325483983,0.22019058870924357
pv_96,0.0056992499874449,0.0023467027664137584,0.003098687701751513,0.004035378584739877,0.21741254204067076,0.016717017565359628,0.00569498580791791,0.004505868292025144,0.0070811467535505206,0.2901705314508755,0.22988853065298762,0.2133493583962628
pv_98,0.005737535534153383,0.002315168089259452,0.00309566034471495,0.003952810878096312,0.20756350829914264,0.016762651764629776,0.0056753133225888016,0.004485457733936579,0.007051841844854627,0.2879731957945097,0.23528661095282544,0.2201002454412883
pvfarm1,0.0023476937087294728,0.0012974631277471514,0.0015690391601474194,0.0019872108141383194,0.03389491531403294,0.01772092210563546,0.003987404707601051,0.003327215911973619,0.004779437589918564,0.03913400890481866,0.0077037314573522855,0.882250957197905
