pv_name,standardized_values_imputed_to_zero
pv_10,0
pv_100,0
pv_1001,0
pv_1003,0
pv_1005,0
pv_1007,0
pv_1009,0
pv_1011,0
pv_1013,0
pv_1015,0
pv_1017,0
pv_1019,0
pv_102,0
pv_1021,0
pv_1023,0
pv_1025,0
pv_1027,0
pv_1029,0
pv_1031,0
pv_1033,0
pv_1035,0
pv_1037,0
pv_1039,0
pv_104,0
pv_1041,0
pv_1043,0
pv_1045,0
pv_1047,0
pv_1049,0
pv_1051,0
pv_1053,0
pv_1055,0
pv_1057,0
pv_1059,0
pv_106,0
pv_1061,0
pv_1063,0
pv_1065,0
pv_1067,0
pv_1069,0
pv_1071,0
pv_1073,0
pv_1075,0
pv_1077,0
pv_1079,0
pv_108,0
pv_1081,0
pv_1083,0
pv_1085,0
pv_1087,0
pv_1089,0
pv_1091,0
pv_1093,0
pv_1095,0
pv_1097,0
pv_1099,0
pv_110,0
pv_1101,0
pv_1103,0
pv_1105,0
pv_1107,0
pv_1109,0
pv_1111,0
pv_1113,0
pv_1115,0
pv_1117,0
pv_1119,0
pv_112,0
pv_1121,0
pv_1123,0
pv_1125,0
pv_1127,0
pv_1129,0
pv_1131,0
pv_1133,0
pv_1135,0
pv_1137,0
pv_1139,0
pv_114,0
pv_1141,0
pv_1143,0
pv_1145,0
pv_1147,0
pv_1149,0
pv_1151,0
pv_1153,0
pv_1155,0
pv_1157,0
pv_1159,0
pv_116,0
pv_1161,0
pv_1163,0
pv_1165,0
pv_1167,0
pv_1169,0
pv_1171,0
pv_1173,0
pv_1175,0
pv_1177,0
pv_1179,0
pv_118,0
pv_1181,0
pv_1183,0
pv_12,0
pv_120,0
pv_122,0
pv_124,0
pv_126,0
pv_128,0
pv_130,0
pv_132,0
pv_134,0
pv_136,0
pv_138,0
pv_14,0
pv_140,0
pv_142,0
pv_144,0
pv_146,0
pv_148,0
pv_150,0
pv_152,0
pv_154,0
pv_156,0
pv_158,0
pv_16,0
pv_160,0
pv_162,0
pv_164,0
pv_166,0
pv_168,0
pv_170,0
pv_18,0
pv_2,0
pv_20,0
pv_22,0
pv_24,0
pv_26,0
pv_28,0
pv_30,0
pv_32,0
pv_34,0
pv_36,0
pv_38,0
pv_4,0
pv_40,0
pv_42,0
pv_44,0
pv_46,0
pv_48,0
pv_50,0
pv_52,0
pv_54,0
pv_56,0
pv_58,0
pv_6,0
pv_60,0
pv_62,0
pv_64,0
pv_66,0
pv_68,0
pv_70,0
pv_72,0
pv_74,0
pv_76,0
pv_78,0
pv_8,0
pv_80,0
pv_82,0
pv_84,0
pv_86,0
pv_88,0
pv_90,0
pv_92,0
pv_94,0
pv_96,0
pv_98,0
pvfarm1,0
